<?xml version='1.0' encoding='UTF-8' standalone='no'?>
<doxygen xmlns:xsi="http://www.w3.org/2001/XMLSchema-instance" xsi:noNamespaceSchemaLocation="compound.xsd" version="1.9.6" xml:lang="es">
  <compounddef id="_book_8h" kind="file" language="C++">
    <compoundname>Book.h</compoundname>
    <includes local="no">stdio.h</includes>
    <includes local="no">stdlib.h</includes>
    <includedby refid="_node___l_b_8h" local="yes">D:/Descargas/EDA_II-main (2)/EDA_II-main/Node_LB.h</includedby>
    <incdepgraph>
      <node id="1">
        <label>D:/Descargas/EDA_II-main (2)/EDA_II-main/Book.h</label>
        <link refid="_book_8h"/>
        <childnode refid="2" relation="include">
        </childnode>
        <childnode refid="3" relation="include">
        </childnode>
      </node>
      <node id="2">
        <label>stdio.h</label>
      </node>
      <node id="3">
        <label>stdlib.h</label>
      </node>
    </incdepgraph>
    <invincdepgraph>
      <node id="1">
        <label>D:/Descargas/EDA_II-main (2)/EDA_II-main/Book.h</label>
        <link refid="_book_8h"/>
        <childnode refid="2" relation="include">
        </childnode>
      </node>
      <node id="5">
        <label>D:/Descargas/EDA_II-main (2)/EDA_II-main/Ele_List.h</label>
        <link refid="_ele___list_8h"/>
        <childnode refid="6" relation="include">
        </childnode>
      </node>
      <node id="6">
        <label>D:/Descargas/EDA_II-main (2)/EDA_II-main/Hash.h</label>
        <link refid="_hash_8h"/>
        <childnode refid="7" relation="include">
        </childnode>
      </node>
      <node id="7">
        <label>D:/Descargas/EDA_II-main (2)/EDA_II-main/Hash_P.h</label>
        <link refid="_hash___p_8h"/>
        <childnode refid="8" relation="include">
        </childnode>
      </node>
      <node id="8">
        <label>D:/Descargas/EDA_II-main (2)/EDA_II-main/Library.h</label>
        <link refid="_library_8h"/>
      </node>
      <node id="3">
        <label>D:/Descargas/EDA_II-main (2)/EDA_II-main/List_NB.h</label>
        <link refid="_list___n_b_8h"/>
        <childnode refid="4" relation="include">
        </childnode>
      </node>
      <node id="2">
        <label>D:/Descargas/EDA_II-main (2)/EDA_II-main/Node_LB.h</label>
        <link refid="_node___l_b_8h"/>
        <childnode refid="3" relation="include">
        </childnode>
      </node>
      <node id="4">
        <label>D:/Descargas/EDA_II-main (2)/EDA_II-main/Yaml_b.h</label>
        <link refid="_yaml__b_8h"/>
        <childnode refid="5" relation="include">
        </childnode>
      </node>
    </invincdepgraph>
    <innerclass refid="struct_book" prot="public">Book</innerclass>
      <sectiondef kind="func">
      <memberdef kind="function" id="_book_8h_1a287da8cbd9cdd6a1969cc0495bc3cd69" prot="public" static="no" const="no" explicit="no" inline="no" virt="non-virtual">
        <type><ref refid="struct_book" kindref="compound">Book</ref> *</type>
        <definition>Book * Book_Create</definition>
        <argsstring>(char name[], char ctg[], char FN[], char LN[], int stock)</argsstring>
        <name>Book_Create</name>
        <param>
          <type>char</type>
          <declname>name</declname>
          <array>[]</array>
        </param>
        <param>
          <type>char</type>
          <declname>ctg</declname>
          <array>[]</array>
        </param>
        <param>
          <type>char</type>
          <declname>FN</declname>
          <array>[]</array>
        </param>
        <param>
          <type>char</type>
          <declname>LN</declname>
          <array>[]</array>
        </param>
        <param>
          <type>int</type>
          <declname>stock</declname>
        </param>
        <briefdescription>
        </briefdescription>
        <detaileddescription>
        </detaileddescription>
        <inbodydescription>
        </inbodydescription>
        <location file="D:/Descargas/EDA_II-main (2)/EDA_II-main/Book.h" line="14" column="6" bodyfile="D:/Descargas/EDA_II-main (2)/EDA_II-main/Book.h" bodystart="14" bodyend="27"/>
      </memberdef>
      </sectiondef>
    <briefdescription>
    </briefdescription>
    <detaileddescription>
    </detaileddescription>
    <programlisting>
<codeline lineno="1"><highlight class="preprocessor">#include<sp/>&lt;stdio.h&gt;</highlight><highlight class="normal"></highlight></codeline>
<codeline lineno="2"><highlight class="normal"></highlight><highlight class="preprocessor">#include<sp/>&lt;stdlib.h&gt;</highlight><highlight class="normal"></highlight></codeline>
<codeline lineno="3"><highlight class="normal"></highlight></codeline>
<codeline lineno="4" refid="struct_book" refkind="compound"><highlight class="normal"></highlight><highlight class="keyword">typedef</highlight><highlight class="normal"><sp/></highlight><highlight class="keyword">struct<sp/></highlight><highlight class="normal">{</highlight></codeline>
<codeline lineno="5"><highlight class="normal"></highlight></codeline>
<codeline lineno="6" refid="struct_book_1a5e6182c030324511dd82e9fa1a0ab071" refkind="member"><highlight class="normal"><sp/><sp/><sp/><sp/></highlight><highlight class="keywordtype">char</highlight><highlight class="normal">*<sp/><ref refid="struct_book_1a5e6182c030324511dd82e9fa1a0ab071" kindref="member">Name</ref>;</highlight></codeline>
<codeline lineno="7" refid="struct_book_1a666df14acddd22585b7ca23d20258987" refkind="member"><highlight class="normal"><sp/><sp/><sp/><sp/></highlight><highlight class="keywordtype">char</highlight><highlight class="normal">*<sp/><ref refid="struct_book_1a666df14acddd22585b7ca23d20258987" kindref="member">Category</ref>;</highlight></codeline>
<codeline lineno="8" refid="struct_book_1a6da5e01471d2fc3e8a2e2104ed57cabc" refkind="member"><highlight class="normal"><sp/><sp/><sp/><sp/></highlight><highlight class="keywordtype">char</highlight><highlight class="normal">*<sp/><ref refid="struct_book_1a6da5e01471d2fc3e8a2e2104ed57cabc" kindref="member">F_name</ref>;</highlight></codeline>
<codeline lineno="9" refid="struct_book_1a1de8f37caa7fd5e125c58830179d8d76" refkind="member"><highlight class="normal"><sp/><sp/><sp/><sp/></highlight><highlight class="keywordtype">char</highlight><highlight class="normal">*<sp/><ref refid="struct_book_1a1de8f37caa7fd5e125c58830179d8d76" kindref="member">L_name</ref>;</highlight></codeline>
<codeline lineno="10" refid="struct_book_1a9f6b1d8f565c649873cd57896391b2aa" refkind="member"><highlight class="normal"><sp/><sp/><sp/><sp/></highlight><highlight class="keywordtype">int</highlight><highlight class="normal"><sp/><ref refid="struct_book_1a9f6b1d8f565c649873cd57896391b2aa" kindref="member">stock</ref>;</highlight></codeline>
<codeline lineno="11"><highlight class="normal"></highlight></codeline>
<codeline lineno="12"><highlight class="normal">}<sp/><ref refid="struct_book" kindref="compound">Book</ref>;</highlight></codeline>
<codeline lineno="13"><highlight class="normal"></highlight></codeline>
<codeline lineno="14" refid="_book_8h_1a287da8cbd9cdd6a1969cc0495bc3cd69" refkind="member"><highlight class="normal"><ref refid="struct_book" kindref="compound">Book</ref>*<sp/><ref refid="_book_8h_1a287da8cbd9cdd6a1969cc0495bc3cd69" kindref="member">Book_Create</ref>(</highlight><highlight class="keywordtype">char</highlight><highlight class="normal"><sp/>name[],<sp/></highlight><highlight class="keywordtype">char</highlight><highlight class="normal"><sp/>ctg[],<sp/></highlight><highlight class="keywordtype">char</highlight><highlight class="normal"><sp/>FN[],<sp/></highlight><highlight class="keywordtype">char</highlight><highlight class="normal"><sp/>LN[],<sp/></highlight><highlight class="keywordtype">int</highlight><highlight class="normal"><sp/>stock)</highlight></codeline>
<codeline lineno="15"><highlight class="normal">{</highlight></codeline>
<codeline lineno="16"><highlight class="normal"><sp/><sp/><sp/><sp/><ref refid="struct_book" kindref="compound">Book</ref>*<sp/>book<sp/>=<sp/>(<ref refid="struct_book" kindref="compound">Book</ref>*)<sp/>malloc(</highlight><highlight class="keyword">sizeof</highlight><highlight class="normal">(<ref refid="struct_book" kindref="compound">Book</ref>));</highlight></codeline>
<codeline lineno="17"><highlight class="normal"></highlight></codeline>
<codeline lineno="18"><highlight class="normal"><sp/><sp/><sp/><sp/></highlight><highlight class="keywordflow">if</highlight><highlight class="normal">(book<sp/>!=<sp/>NULL){</highlight></codeline>
<codeline lineno="19"><highlight class="normal"><sp/><sp/><sp/><sp/><sp/><sp/><sp/><sp/>(*book).<ref refid="struct_book_1a5e6182c030324511dd82e9fa1a0ab071" kindref="member">Name</ref><sp/>=<sp/>name;</highlight></codeline>
<codeline lineno="20"><highlight class="normal"><sp/><sp/><sp/><sp/><sp/><sp/><sp/><sp/>(*book).Category<sp/>=<sp/>ctg;</highlight></codeline>
<codeline lineno="21"><highlight class="normal"><sp/><sp/><sp/><sp/><sp/><sp/><sp/><sp/>(*book).F_name<sp/>=<sp/>FN;</highlight></codeline>
<codeline lineno="22"><highlight class="normal"><sp/><sp/><sp/><sp/><sp/><sp/><sp/><sp/>(*book).L_name<sp/>=<sp/>LN;</highlight></codeline>
<codeline lineno="23"><highlight class="normal"><sp/><sp/><sp/><sp/><sp/><sp/><sp/><sp/>(*book).stock<sp/>=<sp/>stock;</highlight></codeline>
<codeline lineno="24"><highlight class="normal"><sp/><sp/><sp/><sp/>}</highlight></codeline>
<codeline lineno="25"><highlight class="normal"></highlight></codeline>
<codeline lineno="26"><highlight class="normal"><sp/><sp/><sp/><sp/></highlight><highlight class="keywordflow">return</highlight><highlight class="normal"><sp/>book;</highlight></codeline>
<codeline lineno="27"><highlight class="normal">}</highlight></codeline>
    </programlisting>
    <location file="D:/Descargas/EDA_II-main (2)/EDA_II-main/Book.h"/>
  </compounddef>
</doxygen>
