<?xml version='1.0' encoding='UTF-8' standalone='no'?>
<doxygen xmlns:xsi="http://www.w3.org/2001/XMLSchema-instance" xsi:noNamespaceSchemaLocation="compound.xsd" version="1.9.6" xml:lang="es">
  <compounddef id="_ele___list_8h" kind="file" language="C++">
    <compoundname>Ele_List.h</compoundname>
    <includes local="no">stdio.h</includes>
    <includes local="no">stdlib.h</includes>
    <includes refid="_yaml__b_8h" local="yes">Yaml_b.h</includes>
    <includedby refid="_hash_8h" local="yes">D:/Descargas/EDA_II-main (2)/EDA_II-main/Hash.h</includedby>
    <incdepgraph>
      <node id="8">
        <label>Book.h</label>
        <link refid="_book_8h"/>
        <childnode refid="2" relation="include">
        </childnode>
        <childnode refid="3" relation="include">
        </childnode>
      </node>
      <node id="1">
        <label>D:/Descargas/EDA_II-main (2)/EDA_II-main/Ele_List.h</label>
        <link refid="_ele___list_8h"/>
        <childnode refid="2" relation="include">
        </childnode>
        <childnode refid="3" relation="include">
        </childnode>
        <childnode refid="4" relation="include">
        </childnode>
      </node>
      <node id="6">
        <label>List_NB.h</label>
        <link refid="_list___n_b_8h"/>
        <childnode refid="2" relation="include">
        </childnode>
        <childnode refid="3" relation="include">
        </childnode>
        <childnode refid="7" relation="include">
        </childnode>
      </node>
      <node id="7">
        <label>Node_LB.h</label>
        <link refid="_node___l_b_8h"/>
        <childnode refid="2" relation="include">
        </childnode>
        <childnode refid="3" relation="include">
        </childnode>
        <childnode refid="8" relation="include">
        </childnode>
      </node>
      <node id="4">
        <label>Yaml_b.h</label>
        <link refid="_yaml__b_8h"/>
        <childnode refid="2" relation="include">
        </childnode>
        <childnode refid="5" relation="include">
        </childnode>
        <childnode refid="6" relation="include">
        </childnode>
      </node>
      <node id="5">
        <label>stdbool.h</label>
      </node>
      <node id="2">
        <label>stdio.h</label>
      </node>
      <node id="3">
        <label>stdlib.h</label>
      </node>
    </incdepgraph>
    <invincdepgraph>
      <node id="1">
        <label>D:/Descargas/EDA_II-main (2)/EDA_II-main/Ele_List.h</label>
        <link refid="_ele___list_8h"/>
        <childnode refid="2" relation="include">
        </childnode>
      </node>
      <node id="2">
        <label>D:/Descargas/EDA_II-main (2)/EDA_II-main/Hash.h</label>
        <link refid="_hash_8h"/>
        <childnode refid="3" relation="include">
        </childnode>
      </node>
      <node id="3">
        <label>D:/Descargas/EDA_II-main (2)/EDA_II-main/Hash_P.h</label>
        <link refid="_hash___p_8h"/>
        <childnode refid="4" relation="include">
        </childnode>
      </node>
      <node id="4">
        <label>D:/Descargas/EDA_II-main (2)/EDA_II-main/Library.h</label>
        <link refid="_library_8h"/>
      </node>
    </invincdepgraph>
    <innerclass refid="struct_ele__list" prot="public">Ele_list</innerclass>
      <sectiondef kind="func">
      <memberdef kind="function" id="_ele___list_8h_1a7c790fa6c2116c5e21fba40f503c2298" prot="public" static="no" const="no" explicit="no" inline="no" virt="non-virtual">
        <type><ref refid="struct_ele__list" kindref="compound">Ele_list</ref> *</type>
        <definition>Ele_list * ELT_Create</definition>
        <argsstring>(char *value)</argsstring>
        <name>ELT_Create</name>
        <param>
          <type>char *</type>
          <declname>value</declname>
        </param>
        <briefdescription>
        </briefdescription>
        <detaileddescription>
        </detaileddescription>
        <inbodydescription>
        </inbodydescription>
        <location file="D:/Descargas/EDA_II-main (2)/EDA_II-main/Ele_List.h" line="13" column="10" bodyfile="D:/Descargas/EDA_II-main (2)/EDA_II-main/Ele_List.h" bodystart="13" bodyend="22"/>
      </memberdef>
      <memberdef kind="function" id="_ele___list_8h_1a8f16f47435b02f7cddaa070204b4d9a8" prot="public" static="no" const="no" explicit="no" inline="no" virt="non-virtual">
        <type>void</type>
        <definition>void ELT_add</definition>
        <argsstring>(Ele_list *elt, NodeLB *n)</argsstring>
        <name>ELT_add</name>
        <param>
          <type><ref refid="struct_ele__list" kindref="compound">Ele_list</ref> *</type>
          <declname>elt</declname>
        </param>
        <param>
          <type><ref refid="_node___l_b_8h_1ac3f34d1f6fd95618337d1aad7211e212" kindref="member">NodeLB</ref> *</type>
          <declname>n</declname>
        </param>
        <briefdescription>
        </briefdescription>
        <detaileddescription>
        </detaileddescription>
        <inbodydescription>
        </inbodydescription>
        <location file="D:/Descargas/EDA_II-main (2)/EDA_II-main/Ele_List.h" line="24" column="6" bodyfile="D:/Descargas/EDA_II-main (2)/EDA_II-main/Ele_List.h" bodystart="24" bodyend="26"/>
      </memberdef>
      </sectiondef>
    <briefdescription>
    </briefdescription>
    <detaileddescription>
    </detaileddescription>
    <programlisting>
<codeline lineno="1"><highlight class="preprocessor">#include<sp/>&lt;stdio.h&gt;</highlight><highlight class="normal"></highlight></codeline>
<codeline lineno="2"><highlight class="normal"></highlight><highlight class="preprocessor">#include<sp/>&lt;stdlib.h&gt;</highlight><highlight class="normal"></highlight></codeline>
<codeline lineno="3"><highlight class="normal"></highlight><highlight class="preprocessor">#include<sp/>&quot;<ref refid="_yaml__b_8h" kindref="compound">Yaml_b.h</ref>&quot;</highlight><highlight class="normal"></highlight></codeline>
<codeline lineno="4"><highlight class="normal"></highlight></codeline>
<codeline lineno="5" refid="struct_ele__list" refkind="compound"><highlight class="normal"></highlight><highlight class="keyword">typedef</highlight><highlight class="normal"><sp/></highlight><highlight class="keyword">struct</highlight><highlight class="normal">{</highlight></codeline>
<codeline lineno="6"><highlight class="normal"></highlight></codeline>
<codeline lineno="7" refid="struct_ele__list_1a35af0be900467fedbb610bd6ea65ed78" refkind="member"><highlight class="normal"><sp/><sp/><sp/><sp/></highlight><highlight class="keywordtype">int</highlight><highlight class="normal"><sp/><ref refid="struct_ele__list_1a35af0be900467fedbb610bd6ea65ed78" kindref="member">key</ref>;</highlight></codeline>
<codeline lineno="8" refid="struct_ele__list_1a4e9aec275e566b978a3ccb4e043d8c61" refkind="member"><highlight class="normal"><sp/><sp/><sp/><sp/></highlight><highlight class="keywordtype">char</highlight><highlight class="normal">*<sp/><ref refid="struct_ele__list_1a4e9aec275e566b978a3ccb4e043d8c61" kindref="member">value</ref>;</highlight></codeline>
<codeline lineno="9" refid="struct_ele__list_1a97ce12a175fe519d96f8add569c3eaee" refkind="member"><highlight class="normal"><sp/><sp/><sp/><sp/><ref refid="struct_list___n_b" kindref="compound">ListNB</ref>*<sp/><ref refid="struct_ele__list_1a97ce12a175fe519d96f8add569c3eaee" kindref="member">listNB</ref>;</highlight></codeline>
<codeline lineno="10"><highlight class="normal"></highlight></codeline>
<codeline lineno="11"><highlight class="normal">}<ref refid="struct_ele__list" kindref="compound">Ele_list</ref>;</highlight></codeline>
<codeline lineno="12"><highlight class="normal"></highlight></codeline>
<codeline lineno="13" refid="_ele___list_8h_1a7c790fa6c2116c5e21fba40f503c2298" refkind="member"><highlight class="normal"><ref refid="struct_ele__list" kindref="compound">Ele_list</ref>*<sp/><ref refid="_ele___list_8h_1a7c790fa6c2116c5e21fba40f503c2298" kindref="member">ELT_Create</ref>(</highlight><highlight class="keywordtype">char</highlight><highlight class="normal">*<sp/>value){</highlight></codeline>
<codeline lineno="14"><highlight class="normal"></highlight></codeline>
<codeline lineno="15"><highlight class="normal"><sp/><sp/><sp/><sp/><ref refid="struct_ele__list" kindref="compound">Ele_list</ref>*<sp/>elt<sp/>=<sp/>(<ref refid="struct_ele__list" kindref="compound">Ele_list</ref>*<sp/>)<sp/>malloc(</highlight><highlight class="keyword">sizeof</highlight><highlight class="normal">(<ref refid="struct_ele__list" kindref="compound">Ele_list</ref>));</highlight></codeline>
<codeline lineno="16"><highlight class="normal"></highlight></codeline>
<codeline lineno="17"><highlight class="normal"><sp/><sp/><sp/><sp/></highlight><highlight class="keywordflow">if</highlight><highlight class="normal">(elt<sp/>!=<sp/>NULL){</highlight></codeline>
<codeline lineno="18"><highlight class="normal"><sp/><sp/><sp/><sp/><sp/><sp/><sp/><sp/>elt-&gt;<ref refid="struct_ele__list_1a4e9aec275e566b978a3ccb4e043d8c61" kindref="member">value</ref><sp/>=<sp/>value;</highlight></codeline>
<codeline lineno="19"><highlight class="normal"><sp/><sp/><sp/><sp/><sp/><sp/><sp/><sp/>elt-&gt;<ref refid="struct_ele__list_1a97ce12a175fe519d96f8add569c3eaee" kindref="member">listNB</ref><sp/>=<sp/><ref refid="_list___n_b_8h_1aa15e88906b119eb765e9f7a174a3bc25" kindref="member">LNB_create</ref>();</highlight></codeline>
<codeline lineno="20"><highlight class="normal"><sp/><sp/><sp/><sp/><sp/><sp/><sp/><sp/>elt-&gt;<ref refid="struct_ele__list_1a35af0be900467fedbb610bd6ea65ed78" kindref="member">key</ref>;</highlight></codeline>
<codeline lineno="21"><highlight class="normal"><sp/><sp/><sp/><sp/>}</highlight></codeline>
<codeline lineno="22"><highlight class="normal">}</highlight></codeline>
<codeline lineno="23"><highlight class="normal"></highlight></codeline>
<codeline lineno="24" refid="_ele___list_8h_1a8f16f47435b02f7cddaa070204b4d9a8" refkind="member"><highlight class="normal"></highlight><highlight class="keywordtype">void</highlight><highlight class="normal"><sp/><ref refid="_ele___list_8h_1a8f16f47435b02f7cddaa070204b4d9a8" kindref="member">ELT_add</ref>(<ref refid="struct_ele__list" kindref="compound">Ele_list</ref>*<sp/>elt,<sp/><ref refid="struct_node___l_b" kindref="compound">NodeLB</ref>*<sp/>n){</highlight></codeline>
<codeline lineno="25"><highlight class="normal"><sp/><sp/><sp/><sp/><ref refid="_list___n_b_8h_1ad1dc4d07813def96a101a032f3ad0973" kindref="member">LNB_add</ref>(elt-&gt;<ref refid="struct_ele__list_1a97ce12a175fe519d96f8add569c3eaee" kindref="member">listNB</ref>,<sp/>n-&gt;<ref refid="struct_node___l_b_1a317ac738668f4c8da0fa3d660bffca81" kindref="member">book</ref>-&gt;<ref refid="struct_book_1a5e6182c030324511dd82e9fa1a0ab071" kindref="member">Name</ref>,<sp/>n-&gt;<ref refid="struct_node___l_b_1a317ac738668f4c8da0fa3d660bffca81" kindref="member">book</ref>-&gt;<ref refid="struct_book_1a666df14acddd22585b7ca23d20258987" kindref="member">Category</ref>,<sp/>n-&gt;<ref refid="struct_node___l_b_1a317ac738668f4c8da0fa3d660bffca81" kindref="member">book</ref>-&gt;<ref refid="struct_book_1a6da5e01471d2fc3e8a2e2104ed57cabc" kindref="member">F_name</ref>,<sp/>n-&gt;<ref refid="struct_node___l_b_1a317ac738668f4c8da0fa3d660bffca81" kindref="member">book</ref>-&gt;<ref refid="struct_book_1a1de8f37caa7fd5e125c58830179d8d76" kindref="member">L_name</ref>,<sp/>n-&gt;<ref refid="struct_node___l_b_1a317ac738668f4c8da0fa3d660bffca81" kindref="member">book</ref>-&gt;<ref refid="struct_book_1a9f6b1d8f565c649873cd57896391b2aa" kindref="member">stock</ref>);</highlight></codeline>
<codeline lineno="26"><highlight class="normal">}</highlight></codeline>
    </programlisting>
    <location file="D:/Descargas/EDA_II-main (2)/EDA_II-main/Ele_List.h"/>
  </compounddef>
</doxygen>
