<?xml version='1.0' encoding='UTF-8' standalone='no'?>
<doxygen xmlns:xsi="http://www.w3.org/2001/XMLSchema-instance" xsi:noNamespaceSchemaLocation="compound.xsd" version="1.9.6" xml:lang="es">
  <compounddef id="_hash_8h" kind="file" language="C++">
    <compoundname>Hash.h</compoundname>
    <includes local="no">stdio.h</includes>
    <includes local="no">stdlib.h</includes>
    <includes local="no">stdint.h</includes>
    <includes refid="_ele___list_8h" local="yes">Ele_list.h</includes>
    <includedby refid="_hash___p_8h" local="yes">D:/Descargas/EDA_II-main (2)/EDA_II-main/Hash_P.h</includedby>
    <incdepgraph>
      <node id="10">
        <label>Book.h</label>
        <link refid="_book_8h"/>
        <childnode refid="2" relation="include">
        </childnode>
        <childnode refid="3" relation="include">
        </childnode>
      </node>
      <node id="5">
        <label>Ele_list.h</label>
        <link refid="_ele___list_8h"/>
        <childnode refid="2" relation="include">
        </childnode>
        <childnode refid="3" relation="include">
        </childnode>
        <childnode refid="6" relation="include">
        </childnode>
      </node>
      <node id="1">
        <label>D:/Descargas/EDA_II-main (2)/EDA_II-main/Hash.h</label>
        <link refid="_hash_8h"/>
        <childnode refid="2" relation="include">
        </childnode>
        <childnode refid="3" relation="include">
        </childnode>
        <childnode refid="4" relation="include">
        </childnode>
        <childnode refid="5" relation="include">
        </childnode>
      </node>
      <node id="8">
        <label>List_NB.h</label>
        <link refid="_list___n_b_8h"/>
        <childnode refid="2" relation="include">
        </childnode>
        <childnode refid="3" relation="include">
        </childnode>
        <childnode refid="9" relation="include">
        </childnode>
      </node>
      <node id="9">
        <label>Node_LB.h</label>
        <link refid="_node___l_b_8h"/>
        <childnode refid="2" relation="include">
        </childnode>
        <childnode refid="3" relation="include">
        </childnode>
        <childnode refid="10" relation="include">
        </childnode>
      </node>
      <node id="6">
        <label>Yaml_b.h</label>
        <link refid="_yaml__b_8h"/>
        <childnode refid="2" relation="include">
        </childnode>
        <childnode refid="7" relation="include">
        </childnode>
        <childnode refid="8" relation="include">
        </childnode>
      </node>
      <node id="7">
        <label>stdbool.h</label>
      </node>
      <node id="4">
        <label>stdint.h</label>
      </node>
      <node id="2">
        <label>stdio.h</label>
      </node>
      <node id="3">
        <label>stdlib.h</label>
      </node>
    </incdepgraph>
    <invincdepgraph>
      <node id="1">
        <label>D:/Descargas/EDA_II-main (2)/EDA_II-main/Hash.h</label>
        <link refid="_hash_8h"/>
        <childnode refid="2" relation="include">
        </childnode>
      </node>
      <node id="2">
        <label>D:/Descargas/EDA_II-main (2)/EDA_II-main/Hash_P.h</label>
        <link refid="_hash___p_8h"/>
        <childnode refid="3" relation="include">
        </childnode>
      </node>
      <node id="3">
        <label>D:/Descargas/EDA_II-main (2)/EDA_II-main/Library.h</label>
        <link refid="_library_8h"/>
      </node>
    </invincdepgraph>
    <innerclass refid="struct_hash___table" prot="public">Hash_Table</innerclass>
      <sectiondef kind="define">
      <memberdef kind="define" id="_hash_8h_1aac5da03f6196ca94cefd1e4253a278b5" prot="public" static="no">
        <name>MAX_SIZE_L</name>
        <initializer>29</initializer>
        <briefdescription>
        </briefdescription>
        <detaileddescription>
        </detaileddescription>
        <inbodydescription>
        </inbodydescription>
        <location file="D:/Descargas/EDA_II-main (2)/EDA_II-main/Hash.h" line="6" column="9" bodyfile="D:/Descargas/EDA_II-main (2)/EDA_II-main/Hash.h" bodystart="6" bodyend="-1"/>
      </memberdef>
      <memberdef kind="define" id="_hash_8h_1a6c3fea4f731a3e770a8998b626e16589" prot="public" static="no">
        <name>MAX_SIZE_G</name>
        <initializer>13</initializer>
        <briefdescription>
        </briefdescription>
        <detaileddescription>
        </detaileddescription>
        <inbodydescription>
        </inbodydescription>
        <location file="D:/Descargas/EDA_II-main (2)/EDA_II-main/Hash.h" line="7" column="9" bodyfile="D:/Descargas/EDA_II-main (2)/EDA_II-main/Hash.h" bodystart="7" bodyend="-1"/>
      </memberdef>
      </sectiondef>
      <sectiondef kind="func">
      <memberdef kind="function" id="_hash_8h_1ad2bcaeb0900e72b3dc3be28584e14322" prot="public" static="no" const="no" explicit="no" inline="no" virt="non-virtual">
        <type>int</type>
        <definition>int h_g</definition>
        <argsstring>(int key)</argsstring>
        <name>h_g</name>
        <param>
          <type>int</type>
          <declname>key</declname>
        </param>
        <briefdescription>
        </briefdescription>
        <detaileddescription>
        </detaileddescription>
        <inbodydescription>
        </inbodydescription>
        <location file="D:/Descargas/EDA_II-main (2)/EDA_II-main/Hash.h" line="15" column="5" bodyfile="D:/Descargas/EDA_II-main (2)/EDA_II-main/Hash.h" bodystart="15" bodyend="17"/>
      </memberdef>
      <memberdef kind="function" id="_hash_8h_1a2b73a4e5f98f9aa8bfd1802ed1f84094" prot="public" static="no" const="no" explicit="no" inline="no" virt="non-virtual">
        <type>int</type>
        <definition>int h_l</definition>
        <argsstring>(int key)</argsstring>
        <name>h_l</name>
        <param>
          <type>int</type>
          <declname>key</declname>
        </param>
        <briefdescription>
        </briefdescription>
        <detaileddescription>
        </detaileddescription>
        <inbodydescription>
        </inbodydescription>
        <location file="D:/Descargas/EDA_II-main (2)/EDA_II-main/Hash.h" line="19" column="5" bodyfile="D:/Descargas/EDA_II-main (2)/EDA_II-main/Hash.h" bodystart="19" bodyend="21"/>
      </memberdef>
      <memberdef kind="function" id="_hash_8h_1a0fc4be4e3e4be619e6c2afaac279aa97" prot="public" static="no" const="no" explicit="no" inline="no" virt="non-virtual">
        <type>void</type>
        <definition>void HTB_addElemnt</definition>
        <argsstring>(Hash_Table *htb, int key, NodeLB *n, int Clas, char value)</argsstring>
        <name>HTB_addElemnt</name>
        <param>
          <type><ref refid="struct_hash___table" kindref="compound">Hash_Table</ref> *</type>
          <declname>htb</declname>
        </param>
        <param>
          <type>int</type>
          <declname>key</declname>
        </param>
        <param>
          <type><ref refid="_node___l_b_8h_1ac3f34d1f6fd95618337d1aad7211e212" kindref="member">NodeLB</ref> *</type>
          <declname>n</declname>
        </param>
        <param>
          <type>int</type>
          <declname>Clas</declname>
        </param>
        <param>
          <type>char</type>
          <declname>value</declname>
        </param>
        <briefdescription>
        </briefdescription>
        <detaileddescription>
        </detaileddescription>
        <inbodydescription>
        </inbodydescription>
        <location file="D:/Descargas/EDA_II-main (2)/EDA_II-main/Hash.h" line="24" column="6" bodyfile="D:/Descargas/EDA_II-main (2)/EDA_II-main/Hash.h" bodystart="24" bodyend="42"/>
      </memberdef>
      <memberdef kind="function" id="_hash_8h_1a9ccdc4f0ef1b776ce43a31de62b2003f" prot="public" static="no" const="no" explicit="no" inline="no" virt="non-virtual">
        <type>void</type>
        <definition>void HTB_setEltValues</definition>
        <argsstring>(Hash_Table *htb, int MS)</argsstring>
        <name>HTB_setEltValues</name>
        <param>
          <type><ref refid="struct_hash___table" kindref="compound">Hash_Table</ref> *</type>
          <declname>htb</declname>
        </param>
        <param>
          <type>int</type>
          <declname>MS</declname>
        </param>
        <briefdescription>
        </briefdescription>
        <detaileddescription>
        </detaileddescription>
        <inbodydescription>
        </inbodydescription>
        <location file="D:/Descargas/EDA_II-main (2)/EDA_II-main/Hash.h" line="44" column="6" bodyfile="D:/Descargas/EDA_II-main (2)/EDA_II-main/Hash.h" bodystart="44" bodyend="54"/>
      </memberdef>
      <memberdef kind="function" id="_hash_8h_1a337f716f0c5cfb7537741ab44af4b6af" prot="public" static="no" const="no" explicit="no" inline="no" virt="non-virtual">
        <type><ref refid="struct_hash___table" kindref="compound">Hash_Table</ref> *</type>
        <definition>Hash_Table * HTB_Create</definition>
        <argsstring>(int max_s)</argsstring>
        <name>HTB_Create</name>
        <param>
          <type>int</type>
          <declname>max_s</declname>
        </param>
        <briefdescription>
        </briefdescription>
        <detaileddescription>
        </detaileddescription>
        <inbodydescription>
        </inbodydescription>
        <location file="D:/Descargas/EDA_II-main (2)/EDA_II-main/Hash.h" line="56" column="12" bodyfile="D:/Descargas/EDA_II-main (2)/EDA_II-main/Hash.h" bodystart="56" bodyend="69"/>
      </memberdef>
      </sectiondef>
    <briefdescription>
    </briefdescription>
    <detaileddescription>
    </detaileddescription>
    <programlisting>
<codeline lineno="1"><highlight class="preprocessor">#include<sp/>&lt;stdio.h&gt;</highlight><highlight class="normal"></highlight></codeline>
<codeline lineno="2"><highlight class="normal"></highlight><highlight class="preprocessor">#include<sp/>&lt;stdlib.h&gt;</highlight><highlight class="normal"></highlight></codeline>
<codeline lineno="3"><highlight class="normal"></highlight><highlight class="preprocessor">#include<sp/>&lt;stdint.h&gt;</highlight><highlight class="normal"></highlight></codeline>
<codeline lineno="4"><highlight class="normal"></highlight><highlight class="preprocessor">#include<sp/>&quot;<ref refid="_ele___list_8h" kindref="compound">Ele_list.h</ref>&quot;</highlight><highlight class="normal"></highlight></codeline>
<codeline lineno="5"><highlight class="normal"></highlight></codeline>
<codeline lineno="6" refid="_hash_8h_1aac5da03f6196ca94cefd1e4253a278b5" refkind="member"><highlight class="normal"></highlight><highlight class="preprocessor">#define<sp/>MAX_SIZE_L<sp/>29</highlight><highlight class="normal"></highlight></codeline>
<codeline lineno="7" refid="_hash_8h_1a6c3fea4f731a3e770a8998b626e16589" refkind="member"><highlight class="normal"></highlight><highlight class="preprocessor">#define<sp/>MAX_SIZE_G<sp/>13</highlight><highlight class="normal"></highlight></codeline>
<codeline lineno="8"><highlight class="normal"></highlight></codeline>
<codeline lineno="9" refid="struct_hash___table" refkind="compound"><highlight class="normal"></highlight><highlight class="keyword">typedef</highlight><highlight class="normal"><sp/></highlight><highlight class="keyword">struct<sp/></highlight><highlight class="normal">{</highlight></codeline>
<codeline lineno="10" refid="struct_hash___table_1ab31a435b03aee340b9ee395c99a6ed0c" refkind="member"><highlight class="normal"><sp/><sp/><sp/><sp/><ref refid="struct_ele__list" kindref="compound">Ele_list</ref>**<sp/><ref refid="struct_hash___table_1ab31a435b03aee340b9ee395c99a6ed0c" kindref="member">elements</ref>;</highlight></codeline>
<codeline lineno="11" refid="struct_hash___table_1aae1b350eae86e23f7e3dfecc5edfd8e7" refkind="member"><highlight class="normal"><sp/><sp/><sp/><sp/></highlight><highlight class="keywordtype">int</highlight><highlight class="normal"><sp/><ref refid="struct_hash___table_1aae1b350eae86e23f7e3dfecc5edfd8e7" kindref="member">Max_size</ref>;</highlight></codeline>
<codeline lineno="12" refid="struct_hash___table_1afed088663f8704004425cdae2120b9b3" refkind="member"><highlight class="normal"><sp/><sp/><sp/><sp/></highlight><highlight class="keywordtype">int</highlight><highlight class="normal"><sp/><ref refid="struct_hash___table_1afed088663f8704004425cdae2120b9b3" kindref="member">len</ref>;</highlight></codeline>
<codeline lineno="13"><highlight class="normal">}<sp/><ref refid="struct_hash___table" kindref="compound">Hash_Table</ref>;</highlight></codeline>
<codeline lineno="14"><highlight class="normal"></highlight></codeline>
<codeline lineno="15" refid="_hash_8h_1ad2bcaeb0900e72b3dc3be28584e14322" refkind="member"><highlight class="normal"></highlight><highlight class="keywordtype">int</highlight><highlight class="normal"><sp/><ref refid="_hash_8h_1ad2bcaeb0900e72b3dc3be28584e14322" kindref="member">h_g</ref>(</highlight><highlight class="keywordtype">int</highlight><highlight class="normal"><sp/>key){</highlight></codeline>
<codeline lineno="16"><highlight class="normal"><sp/><sp/><sp/><sp/></highlight><highlight class="keywordflow">return</highlight><highlight class="normal"><sp/>key<sp/>%<sp/><ref refid="_hash_8h_1a6c3fea4f731a3e770a8998b626e16589" kindref="member">MAX_SIZE_G</ref>;</highlight></codeline>
<codeline lineno="17"><highlight class="normal">}</highlight></codeline>
<codeline lineno="18"><highlight class="normal"></highlight></codeline>
<codeline lineno="19" refid="_hash_8h_1a2b73a4e5f98f9aa8bfd1802ed1f84094" refkind="member"><highlight class="normal"></highlight><highlight class="keywordtype">int</highlight><highlight class="normal"><sp/><ref refid="_hash_8h_1a2b73a4e5f98f9aa8bfd1802ed1f84094" kindref="member">h_l</ref>(</highlight><highlight class="keywordtype">int</highlight><highlight class="normal"><sp/>key){</highlight></codeline>
<codeline lineno="20"><highlight class="normal"><sp/><sp/><sp/><sp/></highlight><highlight class="keywordflow">return</highlight><highlight class="normal"><sp/>key<sp/>%<sp/><ref refid="_hash_8h_1aac5da03f6196ca94cefd1e4253a278b5" kindref="member">MAX_SIZE_L</ref>;</highlight></codeline>
<codeline lineno="21"><highlight class="normal">}</highlight></codeline>
<codeline lineno="22"><highlight class="normal"></highlight></codeline>
<codeline lineno="23"><highlight class="normal"></highlight></codeline>
<codeline lineno="24" refid="_hash_8h_1a0fc4be4e3e4be619e6c2afaac279aa97" refkind="member"><highlight class="normal"></highlight><highlight class="keywordtype">void</highlight><highlight class="normal"><sp/><ref refid="_hash_8h_1a0fc4be4e3e4be619e6c2afaac279aa97" kindref="member">HTB_addElemnt</ref>(<ref refid="struct_hash___table" kindref="compound">Hash_Table</ref>*<sp/>htb,<sp/></highlight><highlight class="keywordtype">int</highlight><highlight class="normal"><sp/>key,<sp/><ref refid="struct_node___l_b" kindref="compound">NodeLB</ref>*<sp/>n,<sp/></highlight><highlight class="keywordtype">int</highlight><highlight class="normal"><sp/>Clas,<sp/></highlight><highlight class="keywordtype">char</highlight><highlight class="normal"><sp/>value){</highlight></codeline>
<codeline lineno="25"><highlight class="normal"></highlight></codeline>
<codeline lineno="26"><highlight class="normal"><sp/><sp/><sp/><sp/></highlight><highlight class="keywordtype">int</highlight><highlight class="normal"><sp/>hv,c;</highlight></codeline>
<codeline lineno="27"><highlight class="normal"><sp/><sp/><sp/><sp/><ref refid="struct_ele__list" kindref="compound">Ele_list</ref>*<sp/>aux;</highlight></codeline>
<codeline lineno="28"><highlight class="normal"></highlight></codeline>
<codeline lineno="29"><highlight class="normal"><sp/><sp/><sp/><sp/></highlight><highlight class="keywordflow">if</highlight><highlight class="normal">(Clas<sp/>&lt;=<sp/>1){</highlight></codeline>
<codeline lineno="30"><highlight class="normal"><sp/><sp/><sp/><sp/><sp/><sp/><sp/><sp/>hv<sp/>=<sp/><ref refid="_hash_8h_1a2b73a4e5f98f9aa8bfd1802ed1f84094" kindref="member">h_l</ref>(key);</highlight></codeline>
<codeline lineno="31"><highlight class="normal"><sp/><sp/><sp/><sp/>}</highlight><highlight class="keywordflow">else</highlight><highlight class="normal">{</highlight></codeline>
<codeline lineno="32"><highlight class="normal"><sp/><sp/><sp/><sp/><sp/><sp/><sp/><sp/>hv<sp/>=<sp/><ref refid="_hash_8h_1ad2bcaeb0900e72b3dc3be28584e14322" kindref="member">h_g</ref>(key);</highlight></codeline>
<codeline lineno="33"><highlight class="normal"><sp/><sp/><sp/><sp/>}</highlight></codeline>
<codeline lineno="34"><highlight class="normal"></highlight></codeline>
<codeline lineno="35"><highlight class="normal"><sp/><sp/><sp/><sp/></highlight><highlight class="keywordflow">for</highlight><highlight class="normal">(c<sp/>=<sp/>0;<sp/>c<sp/>&lt;<sp/>htb-&gt;<ref refid="struct_hash___table_1afed088663f8704004425cdae2120b9b3" kindref="member">len</ref>;<sp/>c++){</highlight></codeline>
<codeline lineno="36"><highlight class="normal"><sp/><sp/><sp/><sp/><sp/><sp/><sp/><sp/>aux<sp/>=<sp/>htb-&gt;<ref refid="struct_hash___table_1ab31a435b03aee340b9ee395c99a6ed0c" kindref="member">elements</ref>+c;</highlight></codeline>
<codeline lineno="37"><highlight class="normal"><sp/><sp/><sp/><sp/><sp/><sp/><sp/><sp/></highlight><highlight class="keywordflow">if</highlight><highlight class="normal">(aux-&gt;<ref refid="struct_ele__list_1a4e9aec275e566b978a3ccb4e043d8c61" kindref="member">value</ref><sp/>==<sp/>value){</highlight></codeline>
<codeline lineno="38"><highlight class="normal"><sp/><sp/><sp/><sp/><sp/><sp/><sp/><sp/><sp/><sp/><sp/><sp/><ref refid="_ele___list_8h_1a8f16f47435b02f7cddaa070204b4d9a8" kindref="member">ELT_add</ref>(aux,n);</highlight></codeline>
<codeline lineno="39"><highlight class="normal"><sp/><sp/><sp/><sp/><sp/><sp/><sp/><sp/>}</highlight></codeline>
<codeline lineno="40"><highlight class="normal"><sp/><sp/><sp/><sp/>}</highlight></codeline>
<codeline lineno="41"><highlight class="normal"></highlight></codeline>
<codeline lineno="42"><highlight class="normal">}</highlight></codeline>
<codeline lineno="43"><highlight class="normal"></highlight></codeline>
<codeline lineno="44" refid="_hash_8h_1a9ccdc4f0ef1b776ce43a31de62b2003f" refkind="member"><highlight class="normal"></highlight><highlight class="keywordtype">void</highlight><highlight class="normal"><sp/><ref refid="_hash_8h_1a9ccdc4f0ef1b776ce43a31de62b2003f" kindref="member">HTB_setEltValues</ref>(<ref refid="struct_hash___table" kindref="compound">Hash_Table</ref>*<sp/>htb,<sp/></highlight><highlight class="keywordtype">int</highlight><highlight class="normal"><sp/>MS){</highlight></codeline>
<codeline lineno="45"><highlight class="normal"></highlight></codeline>
<codeline lineno="46"><highlight class="normal"><sp/><sp/><sp/><sp/></highlight><highlight class="keywordtype">int</highlight><highlight class="normal"><sp/>i,<sp/>Ia;</highlight></codeline>
<codeline lineno="47"><highlight class="normal"><sp/><sp/><sp/><sp/><ref refid="struct_ele__list" kindref="compound">Ele_list</ref>*<sp/>aux;</highlight></codeline>
<codeline lineno="48"><highlight class="normal"></highlight></codeline>
<codeline lineno="49"><highlight class="normal"><sp/><sp/><sp/><sp/></highlight><highlight class="keywordflow">for</highlight><highlight class="normal">(i<sp/>=<sp/>0;<sp/>i<sp/>&lt;<sp/>MS;<sp/>i++){</highlight></codeline>
<codeline lineno="50"><highlight class="normal"><sp/><sp/><sp/><sp/><sp/><sp/><sp/><sp/>aux<sp/>=<sp/>htb-&gt;<ref refid="struct_hash___table_1ab31a435b03aee340b9ee395c99a6ed0c" kindref="member">elements</ref>+i;</highlight></codeline>
<codeline lineno="51"><highlight class="normal"><sp/><sp/><sp/><sp/><sp/><sp/><sp/><sp/>aux-&gt;<ref refid="struct_ele__list_1a4e9aec275e566b978a3ccb4e043d8c61" kindref="member">value</ref><sp/>=<sp/>(</highlight><highlight class="keywordtype">char</highlight><highlight class="normal">*)97+i;</highlight></codeline>
<codeline lineno="52"><highlight class="normal"><sp/><sp/><sp/><sp/><sp/><sp/><sp/><sp/>htb-&gt;<ref refid="struct_hash___table_1afed088663f8704004425cdae2120b9b3" kindref="member">len</ref>++;</highlight></codeline>
<codeline lineno="53"><highlight class="normal"><sp/><sp/><sp/><sp/>}</highlight></codeline>
<codeline lineno="54"><highlight class="normal">}</highlight></codeline>
<codeline lineno="55"><highlight class="normal"></highlight></codeline>
<codeline lineno="56" refid="_hash_8h_1a337f716f0c5cfb7537741ab44af4b6af" refkind="member"><highlight class="normal"><ref refid="struct_hash___table" kindref="compound">Hash_Table</ref>*<sp/><ref refid="_hash_8h_1a337f716f0c5cfb7537741ab44af4b6af" kindref="member">HTB_Create</ref>(</highlight><highlight class="keywordtype">int</highlight><highlight class="normal"><sp/>max_s){</highlight></codeline>
<codeline lineno="57"><highlight class="normal"></highlight></codeline>
<codeline lineno="58"><highlight class="normal"><sp/><sp/><sp/><sp/><ref refid="struct_hash___table" kindref="compound">Hash_Table</ref>*<sp/>htb<sp/>=<sp/>(<ref refid="struct_hash___table" kindref="compound">Hash_Table</ref>*)<sp/>malloc(</highlight><highlight class="keyword">sizeof</highlight><highlight class="normal">(<ref refid="struct_hash___table" kindref="compound">Hash_Table</ref>));</highlight></codeline>
<codeline lineno="59"><highlight class="normal"></highlight></codeline>
<codeline lineno="60"><highlight class="normal"><sp/><sp/><sp/><sp/></highlight><highlight class="keywordflow">if</highlight><highlight class="normal">(htb<sp/>!=<sp/>NULL){</highlight></codeline>
<codeline lineno="61"><highlight class="normal"><sp/><sp/><sp/><sp/><sp/><sp/><sp/><sp/>htb-&gt;<ref refid="struct_hash___table_1ab31a435b03aee340b9ee395c99a6ed0c" kindref="member">elements</ref><sp/>=<sp/>(<ref refid="struct_ele__list" kindref="compound">Ele_list</ref>*)<sp/>malloc(</highlight><highlight class="keyword">sizeof</highlight><highlight class="normal">(<ref refid="struct_ele__list" kindref="compound">Ele_list</ref>)*max_s);</highlight></codeline>
<codeline lineno="62"><highlight class="normal"><sp/><sp/><sp/><sp/><sp/><sp/><sp/><sp/>htb-&gt;<ref refid="struct_hash___table_1aae1b350eae86e23f7e3dfecc5edfd8e7" kindref="member">Max_size</ref><sp/>=<sp/>max_s;</highlight></codeline>
<codeline lineno="63"><highlight class="normal"><sp/><sp/><sp/><sp/><sp/><sp/><sp/><sp/>htb-&gt;<ref refid="struct_hash___table_1afed088663f8704004425cdae2120b9b3" kindref="member">len</ref><sp/>=<sp/>0;</highlight></codeline>
<codeline lineno="64"><highlight class="normal"><sp/><sp/><sp/><sp/>}</highlight></codeline>
<codeline lineno="65"><highlight class="normal"></highlight></codeline>
<codeline lineno="66"><highlight class="normal"><sp/><sp/><sp/><sp/><ref refid="_hash_8h_1a9ccdc4f0ef1b776ce43a31de62b2003f" kindref="member">HTB_setEltValues</ref>(htb,<sp/>max_s);</highlight></codeline>
<codeline lineno="67"><highlight class="normal"></highlight></codeline>
<codeline lineno="68"><highlight class="normal"><sp/><sp/><sp/><sp/></highlight><highlight class="keywordflow">return</highlight><highlight class="normal"><sp/>htb;</highlight></codeline>
<codeline lineno="69"><highlight class="normal">}</highlight></codeline>
<codeline lineno="70"><highlight class="normal"></highlight></codeline>
<codeline lineno="71"><highlight class="normal"></highlight></codeline>
<codeline lineno="72"><highlight class="normal"></highlight></codeline>
<codeline lineno="73"><highlight class="normal"></highlight></codeline>
<codeline lineno="74"><highlight class="normal"></highlight></codeline>
    </programlisting>
    <location file="D:/Descargas/EDA_II-main (2)/EDA_II-main/Hash.h"/>
  </compounddef>
</doxygen>
