<?xml version='1.0' encoding='UTF-8' standalone='no'?>
<doxygen xmlns:xsi="http://www.w3.org/2001/XMLSchema-instance" xsi:noNamespaceSchemaLocation="compound.xsd" version="1.9.6" xml:lang="es">
  <compounddef id="_hash___p_8h" kind="file" language="C++">
    <compoundname>Hash_P.h</compoundname>
    <includes local="no">stdio.h</includes>
    <includes local="no">stdlib.h</includes>
    <includes local="no">string.h</includes>
    <includes local="no">stdint.h</includes>
    <includes refid="_hash_8h" local="yes">Hash.h</includes>
    <includedby refid="_library_8h" local="yes">D:/Descargas/EDA_II-main (2)/EDA_II-main/Library.h</includedby>
    <incdepgraph>
      <node id="12">
        <label>Book.h</label>
        <link refid="_book_8h"/>
        <childnode refid="2" relation="include">
        </childnode>
        <childnode refid="3" relation="include">
        </childnode>
      </node>
      <node id="7">
        <label>Ele_list.h</label>
        <link refid="_ele___list_8h"/>
        <childnode refid="2" relation="include">
        </childnode>
        <childnode refid="3" relation="include">
        </childnode>
        <childnode refid="8" relation="include">
        </childnode>
      </node>
      <node id="6">
        <label>Hash.h</label>
        <link refid="_hash_8h"/>
        <childnode refid="2" relation="include">
        </childnode>
        <childnode refid="3" relation="include">
        </childnode>
        <childnode refid="5" relation="include">
        </childnode>
        <childnode refid="7" relation="include">
        </childnode>
      </node>
      <node id="1">
        <label>D:/Descargas/EDA_II-main (2)/EDA_II-main/Hash_P.h</label>
        <link refid="_hash___p_8h"/>
        <childnode refid="2" relation="include">
        </childnode>
        <childnode refid="3" relation="include">
        </childnode>
        <childnode refid="4" relation="include">
        </childnode>
        <childnode refid="5" relation="include">
        </childnode>
        <childnode refid="6" relation="include">
        </childnode>
      </node>
      <node id="10">
        <label>List_NB.h</label>
        <link refid="_list___n_b_8h"/>
        <childnode refid="2" relation="include">
        </childnode>
        <childnode refid="3" relation="include">
        </childnode>
        <childnode refid="11" relation="include">
        </childnode>
      </node>
      <node id="11">
        <label>Node_LB.h</label>
        <link refid="_node___l_b_8h"/>
        <childnode refid="2" relation="include">
        </childnode>
        <childnode refid="3" relation="include">
        </childnode>
        <childnode refid="12" relation="include">
        </childnode>
      </node>
      <node id="8">
        <label>Yaml_b.h</label>
        <link refid="_yaml__b_8h"/>
        <childnode refid="2" relation="include">
        </childnode>
        <childnode refid="9" relation="include">
        </childnode>
        <childnode refid="10" relation="include">
        </childnode>
      </node>
      <node id="9">
        <label>stdbool.h</label>
      </node>
      <node id="5">
        <label>stdint.h</label>
      </node>
      <node id="2">
        <label>stdio.h</label>
      </node>
      <node id="3">
        <label>stdlib.h</label>
      </node>
      <node id="4">
        <label>string.h</label>
      </node>
    </incdepgraph>
    <invincdepgraph>
      <node id="1">
        <label>D:/Descargas/EDA_II-main (2)/EDA_II-main/Hash_P.h</label>
        <link refid="_hash___p_8h"/>
        <childnode refid="2" relation="include">
        </childnode>
      </node>
      <node id="2">
        <label>D:/Descargas/EDA_II-main (2)/EDA_II-main/Library.h</label>
        <link refid="_library_8h"/>
      </node>
    </invincdepgraph>
    <innerclass refid="struct_prime___hash" prot="public">Prime_Hash</innerclass>
      <sectiondef kind="define">
      <memberdef kind="define" id="_hash___p_8h_1aac5da03f6196ca94cefd1e4253a278b5" prot="public" static="no">
        <name>MAX_SIZE_L</name>
        <initializer>29</initializer>
        <briefdescription>
        </briefdescription>
        <detaileddescription>
        </detaileddescription>
        <inbodydescription>
        </inbodydescription>
        <location file="D:/Descargas/EDA_II-main (2)/EDA_II-main/Hash_P.h" line="7" column="9" bodyfile="D:/Descargas/EDA_II-main (2)/EDA_II-main/Hash_P.h" bodystart="7" bodyend="-1"/>
      </memberdef>
      <memberdef kind="define" id="_hash___p_8h_1a2ac0ad88e4a7ed032f326cc15a9afc58" prot="public" static="no">
        <name>MAx_SIZE_G</name>
        <initializer>10</initializer>
        <briefdescription>
        </briefdescription>
        <detaileddescription>
        </detaileddescription>
        <inbodydescription>
        </inbodydescription>
        <location file="D:/Descargas/EDA_II-main (2)/EDA_II-main/Hash_P.h" line="8" column="9" bodyfile="D:/Descargas/EDA_II-main (2)/EDA_II-main/Hash_P.h" bodystart="8" bodyend="-1"/>
      </memberdef>
      </sectiondef>
      <sectiondef kind="func">
      <memberdef kind="function" id="_hash___p_8h_1a3dc2ec39fe333e209822e11293d3b1dc" prot="public" static="no" const="no" explicit="no" inline="no" virt="non-virtual">
        <type>char</type>
        <definition>char String_getFirst</definition>
        <argsstring>(char *s)</argsstring>
        <name>String_getFirst</name>
        <param>
          <type>char *</type>
          <declname>s</declname>
        </param>
        <briefdescription>
        </briefdescription>
        <detaileddescription>
        </detaileddescription>
        <inbodydescription>
        </inbodydescription>
        <location file="D:/Descargas/EDA_II-main (2)/EDA_II-main/Hash_P.h" line="18" column="6" bodyfile="D:/Descargas/EDA_II-main (2)/EDA_II-main/Hash_P.h" bodystart="18" bodyend="20"/>
      </memberdef>
      <memberdef kind="function" id="_hash___p_8h_1a7c68dc0012abf7c42a73c4a491b57891" prot="public" static="no" const="no" explicit="no" inline="no" virt="non-virtual">
        <type><ref refid="struct_prime___hash" kindref="compound">Prime_Hash</ref> *</type>
        <definition>Prime_Hash * PHT_Create</definition>
        <argsstring>()</argsstring>
        <name>PHT_Create</name>
        <briefdescription>
        </briefdescription>
        <detaileddescription>
        </detaileddescription>
        <inbodydescription>
        </inbodydescription>
        <location file="D:/Descargas/EDA_II-main (2)/EDA_II-main/Hash_P.h" line="22" column="12" bodyfile="D:/Descargas/EDA_II-main (2)/EDA_II-main/Hash_P.h" bodystart="22" bodyend="32"/>
      </memberdef>
      <memberdef kind="function" id="_hash___p_8h_1aeaf8d77e0b63f9ad90f0df98e773dbbd" prot="public" static="no" const="no" explicit="no" inline="no" virt="non-virtual">
        <type>void</type>
        <definition>void PHT_add</definition>
        <argsstring>(Prime_Hash *pht, NodeLB *n)</argsstring>
        <name>PHT_add</name>
        <param>
          <type><ref refid="struct_prime___hash" kindref="compound">Prime_Hash</ref> *</type>
          <declname>pht</declname>
        </param>
        <param>
          <type><ref refid="_node___l_b_8h_1ac3f34d1f6fd95618337d1aad7211e212" kindref="member">NodeLB</ref> *</type>
          <declname>n</declname>
        </param>
        <briefdescription>
        </briefdescription>
        <detaileddescription>
        </detaileddescription>
        <inbodydescription>
        </inbodydescription>
        <location file="D:/Descargas/EDA_II-main (2)/EDA_II-main/Hash_P.h" line="34" column="6" bodyfile="D:/Descargas/EDA_II-main (2)/EDA_II-main/Hash_P.h" bodystart="34" bodyend="40"/>
      </memberdef>
      </sectiondef>
    <briefdescription>
    </briefdescription>
    <detaileddescription>
    </detaileddescription>
    <programlisting>
<codeline lineno="1"><highlight class="preprocessor">#include<sp/>&lt;stdio.h&gt;</highlight><highlight class="normal"></highlight></codeline>
<codeline lineno="2"><highlight class="normal"></highlight><highlight class="preprocessor">#include<sp/>&lt;stdlib.h&gt;</highlight><highlight class="normal"></highlight></codeline>
<codeline lineno="3"><highlight class="normal"></highlight><highlight class="preprocessor">#include<sp/>&lt;string.h&gt;</highlight><highlight class="normal"></highlight></codeline>
<codeline lineno="4"><highlight class="normal"></highlight><highlight class="preprocessor">#include<sp/>&lt;stdint.h&gt;</highlight><highlight class="normal"></highlight></codeline>
<codeline lineno="5"><highlight class="normal"></highlight><highlight class="preprocessor">#include<sp/>&quot;<ref refid="_hash_8h" kindref="compound">Hash.h</ref>&quot;</highlight><highlight class="normal"></highlight></codeline>
<codeline lineno="6"><highlight class="normal"></highlight></codeline>
<codeline lineno="7" refid="_hash___p_8h_1aac5da03f6196ca94cefd1e4253a278b5" refkind="member"><highlight class="normal"></highlight><highlight class="preprocessor">#define<sp/>MAX_SIZE_L<sp/>29</highlight><highlight class="normal"></highlight></codeline>
<codeline lineno="8" refid="_hash___p_8h_1a2ac0ad88e4a7ed032f326cc15a9afc58" refkind="member"><highlight class="normal"></highlight><highlight class="preprocessor">#define<sp/>MAx_SIZE_G<sp/>10</highlight><highlight class="normal"></highlight></codeline>
<codeline lineno="9"><highlight class="normal"></highlight></codeline>
<codeline lineno="10" refid="struct_prime___hash" refkind="compound"><highlight class="normal"></highlight><highlight class="keyword">typedef</highlight><highlight class="normal"><sp/></highlight><highlight class="keyword">struct<sp/></highlight><highlight class="normal">{</highlight></codeline>
<codeline lineno="11"><highlight class="normal"></highlight></codeline>
<codeline lineno="12" refid="struct_prime___hash_1ad07fb0e70472adbed98223db83c6e502" refkind="member"><highlight class="normal"><sp/><sp/><sp/><sp/><ref refid="struct_hash___table" kindref="compound">Hash_Table</ref>*<sp/><ref refid="struct_prime___hash_1ad07fb0e70472adbed98223db83c6e502" kindref="member">hash_T</ref>;</highlight></codeline>
<codeline lineno="13" refid="struct_prime___hash_1a480d48ea29a5b4704ceb2672b16596be" refkind="member"><highlight class="normal"><sp/><sp/><sp/><sp/><ref refid="struct_hash___table" kindref="compound">Hash_Table</ref>*<sp/><ref refid="struct_prime___hash_1a480d48ea29a5b4704ceb2672b16596be" kindref="member">hash_G</ref>;</highlight></codeline>
<codeline lineno="14" refid="struct_prime___hash_1a21d17219daf9977a2e505ee8a5f0e5fc" refkind="member"><highlight class="normal"><sp/><sp/><sp/><sp/><ref refid="struct_hash___table" kindref="compound">Hash_Table</ref>*<sp/><ref refid="struct_prime___hash_1a21d17219daf9977a2e505ee8a5f0e5fc" kindref="member">hash_A</ref>;</highlight></codeline>
<codeline lineno="15"><highlight class="normal"></highlight></codeline>
<codeline lineno="16"><highlight class="normal">}<ref refid="struct_prime___hash" kindref="compound">Prime_Hash</ref>;</highlight></codeline>
<codeline lineno="17"><highlight class="normal"></highlight></codeline>
<codeline lineno="18" refid="_hash___p_8h_1a3dc2ec39fe333e209822e11293d3b1dc" refkind="member"><highlight class="normal"></highlight><highlight class="keywordtype">char</highlight><highlight class="normal"><sp/><ref refid="_hash___p_8h_1a3dc2ec39fe333e209822e11293d3b1dc" kindref="member">String_getFirst</ref>(</highlight><highlight class="keywordtype">char</highlight><highlight class="normal">*<sp/>s){</highlight></codeline>
<codeline lineno="19"><highlight class="normal"><sp/><sp/><sp/><sp/></highlight><highlight class="keywordflow">return</highlight><highlight class="normal"><sp/>s[0];</highlight></codeline>
<codeline lineno="20"><highlight class="normal">}</highlight></codeline>
<codeline lineno="21"><highlight class="normal"></highlight></codeline>
<codeline lineno="22" refid="_hash___p_8h_1a7c68dc0012abf7c42a73c4a491b57891" refkind="member"><highlight class="normal"><ref refid="struct_prime___hash" kindref="compound">Prime_Hash</ref>*<sp/><ref refid="_hash___p_8h_1a7c68dc0012abf7c42a73c4a491b57891" kindref="member">PHT_Create</ref>(){</highlight></codeline>
<codeline lineno="23"><highlight class="normal"></highlight></codeline>
<codeline lineno="24"><highlight class="normal"><sp/><sp/><sp/><sp/><ref refid="struct_prime___hash" kindref="compound">Prime_Hash</ref>*<sp/>pht<sp/>=<sp/>(<ref refid="struct_prime___hash" kindref="compound">Prime_Hash</ref>*)malloc(</highlight><highlight class="keyword">sizeof</highlight><highlight class="normal">(<ref refid="struct_prime___hash" kindref="compound">Prime_Hash</ref>));</highlight></codeline>
<codeline lineno="25"><highlight class="normal"></highlight></codeline>
<codeline lineno="26"><highlight class="normal"><sp/><sp/><sp/><sp/>pht-&gt;<ref refid="struct_prime___hash_1ad07fb0e70472adbed98223db83c6e502" kindref="member">hash_T</ref><sp/>=<sp/><ref refid="_hash_8h_1a337f716f0c5cfb7537741ab44af4b6af" kindref="member">HTB_Create</ref>(<ref refid="_hash___p_8h_1aac5da03f6196ca94cefd1e4253a278b5" kindref="member">MAX_SIZE_L</ref>);</highlight></codeline>
<codeline lineno="27"><highlight class="normal"><sp/><sp/><sp/><sp/>pht-&gt;<ref refid="struct_prime___hash_1a480d48ea29a5b4704ceb2672b16596be" kindref="member">hash_G</ref><sp/>=<sp/><ref refid="_hash_8h_1a337f716f0c5cfb7537741ab44af4b6af" kindref="member">HTB_Create</ref>(<ref refid="_hash___p_8h_1a2ac0ad88e4a7ed032f326cc15a9afc58" kindref="member">MAx_SIZE_G</ref>);</highlight></codeline>
<codeline lineno="28"><highlight class="normal"><sp/><sp/><sp/><sp/>pht-&gt;<ref refid="struct_prime___hash_1a21d17219daf9977a2e505ee8a5f0e5fc" kindref="member">hash_A</ref><sp/>=<sp/><ref refid="_hash_8h_1a337f716f0c5cfb7537741ab44af4b6af" kindref="member">HTB_Create</ref>(<ref refid="_hash___p_8h_1aac5da03f6196ca94cefd1e4253a278b5" kindref="member">MAX_SIZE_L</ref>);</highlight></codeline>
<codeline lineno="29"><highlight class="normal"></highlight></codeline>
<codeline lineno="30"><highlight class="normal"><sp/><sp/><sp/><sp/></highlight><highlight class="keywordflow">return</highlight><highlight class="normal"><sp/>pht;</highlight></codeline>
<codeline lineno="31"><highlight class="normal"></highlight></codeline>
<codeline lineno="32"><highlight class="normal">}</highlight></codeline>
<codeline lineno="33"><highlight class="normal"></highlight></codeline>
<codeline lineno="34" refid="_hash___p_8h_1aeaf8d77e0b63f9ad90f0df98e773dbbd" refkind="member"><highlight class="normal"></highlight><highlight class="keywordtype">void</highlight><highlight class="normal"><sp/><ref refid="_hash___p_8h_1aeaf8d77e0b63f9ad90f0df98e773dbbd" kindref="member">PHT_add</ref>(<ref refid="struct_prime___hash" kindref="compound">Prime_Hash</ref>*<sp/>pht,<sp/><ref refid="struct_node___l_b" kindref="compound">NodeLB</ref>*<sp/>n){</highlight></codeline>
<codeline lineno="35"><highlight class="normal"></highlight></codeline>
<codeline lineno="36"><highlight class="normal"><sp/><sp/><sp/><sp/><ref refid="_hash_8h_1a0fc4be4e3e4be619e6c2afaac279aa97" kindref="member">HTB_addElemnt</ref>(pht-&gt;<ref refid="struct_prime___hash_1ad07fb0e70472adbed98223db83c6e502" kindref="member">hash_T</ref>,<sp/><ref refid="_hash___p_8h_1a3dc2ec39fe333e209822e11293d3b1dc" kindref="member">String_getFirst</ref>(n-&gt;<ref refid="struct_node___l_b_1a317ac738668f4c8da0fa3d660bffca81" kindref="member">book</ref>-&gt;<ref refid="struct_book_1a5e6182c030324511dd82e9fa1a0ab071" kindref="member">Name</ref>),n,0,<ref refid="_hash___p_8h_1a3dc2ec39fe333e209822e11293d3b1dc" kindref="member">String_getFirst</ref>(n-&gt;<ref refid="struct_node___l_b_1a317ac738668f4c8da0fa3d660bffca81" kindref="member">book</ref>-&gt;<ref refid="struct_book_1a5e6182c030324511dd82e9fa1a0ab071" kindref="member">Name</ref>));</highlight></codeline>
<codeline lineno="37"><highlight class="normal"><sp/><sp/><sp/><sp/><ref refid="_hash_8h_1a0fc4be4e3e4be619e6c2afaac279aa97" kindref="member">HTB_addElemnt</ref>(pht-&gt;<ref refid="struct_prime___hash_1a21d17219daf9977a2e505ee8a5f0e5fc" kindref="member">hash_A</ref>,<sp/><ref refid="_hash___p_8h_1a3dc2ec39fe333e209822e11293d3b1dc" kindref="member">String_getFirst</ref>(n-&gt;<ref refid="struct_node___l_b_1a317ac738668f4c8da0fa3d660bffca81" kindref="member">book</ref>-&gt;<ref refid="struct_book_1a1de8f37caa7fd5e125c58830179d8d76" kindref="member">L_name</ref>),n,1,<ref refid="_hash___p_8h_1a3dc2ec39fe333e209822e11293d3b1dc" kindref="member">String_getFirst</ref>(n-&gt;<ref refid="struct_node___l_b_1a317ac738668f4c8da0fa3d660bffca81" kindref="member">book</ref>-&gt;<ref refid="struct_book_1a1de8f37caa7fd5e125c58830179d8d76" kindref="member">L_name</ref>));</highlight></codeline>
<codeline lineno="38"><highlight class="normal"><sp/><sp/><sp/><sp/><ref refid="_hash_8h_1a0fc4be4e3e4be619e6c2afaac279aa97" kindref="member">HTB_addElemnt</ref>(pht-&gt;<ref refid="struct_prime___hash_1a480d48ea29a5b4704ceb2672b16596be" kindref="member">hash_G</ref>,<sp/><ref refid="_hash___p_8h_1a3dc2ec39fe333e209822e11293d3b1dc" kindref="member">String_getFirst</ref>(n-&gt;<ref refid="struct_node___l_b_1a317ac738668f4c8da0fa3d660bffca81" kindref="member">book</ref>-&gt;<ref refid="struct_book_1a666df14acddd22585b7ca23d20258987" kindref="member">Category</ref>),n,2,<ref refid="_hash___p_8h_1a3dc2ec39fe333e209822e11293d3b1dc" kindref="member">String_getFirst</ref>(n-&gt;<ref refid="struct_node___l_b_1a317ac738668f4c8da0fa3d660bffca81" kindref="member">book</ref>-&gt;<ref refid="struct_book_1a666df14acddd22585b7ca23d20258987" kindref="member">Category</ref>));</highlight></codeline>
<codeline lineno="39"><highlight class="normal"></highlight></codeline>
<codeline lineno="40"><highlight class="normal">}</highlight></codeline>
<codeline lineno="41"><highlight class="normal"></highlight></codeline>
<codeline lineno="42"><highlight class="normal"></highlight></codeline>
    </programlisting>
    <location file="D:/Descargas/EDA_II-main (2)/EDA_II-main/Hash_P.h"/>
  </compounddef>
</doxygen>
