<?xml version='1.0' encoding='UTF-8' standalone='no'?>
<doxygen xmlns:xsi="http://www.w3.org/2001/XMLSchema-instance" xsi:noNamespaceSchemaLocation="compound.xsd" version="1.9.6" xml:lang="es">
  <compounddef id="_library_8h" kind="file" language="C++">
    <compoundname>Library.h</compoundname>
    <includes local="no">stdlib.h</includes>
    <includes local="no">stdio.h</includes>
    <includes refid="_hash___p_8h" local="yes">Hash_P.h</includes>
    <incdepgraph>
      <node id="13">
        <label>Book.h</label>
        <link refid="_book_8h"/>
        <childnode refid="3" relation="include">
        </childnode>
        <childnode refid="2" relation="include">
        </childnode>
      </node>
      <node id="8">
        <label>Ele_list.h</label>
        <link refid="_ele___list_8h"/>
        <childnode refid="3" relation="include">
        </childnode>
        <childnode refid="2" relation="include">
        </childnode>
        <childnode refid="9" relation="include">
        </childnode>
      </node>
      <node id="7">
        <label>Hash.h</label>
        <link refid="_hash_8h"/>
        <childnode refid="3" relation="include">
        </childnode>
        <childnode refid="2" relation="include">
        </childnode>
        <childnode refid="6" relation="include">
        </childnode>
        <childnode refid="8" relation="include">
        </childnode>
      </node>
      <node id="4">
        <label>Hash_P.h</label>
        <link refid="_hash___p_8h"/>
        <childnode refid="3" relation="include">
        </childnode>
        <childnode refid="2" relation="include">
        </childnode>
        <childnode refid="5" relation="include">
        </childnode>
        <childnode refid="6" relation="include">
        </childnode>
        <childnode refid="7" relation="include">
        </childnode>
      </node>
      <node id="1">
        <label>D:/Descargas/EDA_II-main (2)/EDA_II-main/Library.h</label>
        <link refid="_library_8h"/>
        <childnode refid="2" relation="include">
        </childnode>
        <childnode refid="3" relation="include">
        </childnode>
        <childnode refid="4" relation="include">
        </childnode>
      </node>
      <node id="11">
        <label>List_NB.h</label>
        <link refid="_list___n_b_8h"/>
        <childnode refid="3" relation="include">
        </childnode>
        <childnode refid="2" relation="include">
        </childnode>
        <childnode refid="12" relation="include">
        </childnode>
      </node>
      <node id="12">
        <label>Node_LB.h</label>
        <link refid="_node___l_b_8h"/>
        <childnode refid="3" relation="include">
        </childnode>
        <childnode refid="2" relation="include">
        </childnode>
        <childnode refid="13" relation="include">
        </childnode>
      </node>
      <node id="9">
        <label>Yaml_b.h</label>
        <link refid="_yaml__b_8h"/>
        <childnode refid="3" relation="include">
        </childnode>
        <childnode refid="10" relation="include">
        </childnode>
        <childnode refid="11" relation="include">
        </childnode>
      </node>
      <node id="10">
        <label>stdbool.h</label>
      </node>
      <node id="6">
        <label>stdint.h</label>
      </node>
      <node id="3">
        <label>stdio.h</label>
      </node>
      <node id="2">
        <label>stdlib.h</label>
      </node>
      <node id="5">
        <label>string.h</label>
      </node>
    </incdepgraph>
    <innerclass refid="struct_library" prot="public">Library</innerclass>
      <sectiondef kind="typedef">
      <memberdef kind="typedef" id="_library_8h_1a448ec5e56af36b90ed7efa8c7eb831c7" prot="public" static="no">
        <type>struct <ref refid="struct_library" kindref="compound">Library</ref></type>
        <definition>typedef struct Library Library</definition>
        <argsstring></argsstring>
        <name>Library</name>
        <briefdescription>
        </briefdescription>
        <detaileddescription>
        </detaileddescription>
        <inbodydescription>
        </inbodydescription>
        <location file="D:/Descargas/EDA_II-main (2)/EDA_II-main/Library.h" line="9" column="9"/>
      </memberdef>
      </sectiondef>
      <sectiondef kind="func">
      <memberdef kind="function" id="_library_8h_1a041ced935cfbae5e8559394bc7415386" prot="public" static="no" const="no" explicit="no" inline="no" virt="non-virtual">
        <type><ref refid="struct_library" kindref="compound">Library</ref> *</type>
        <definition>Library * Lib_New</definition>
        <argsstring>()</argsstring>
        <name>Lib_New</name>
        <briefdescription>
        </briefdescription>
        <detaileddescription>
        </detaileddescription>
        <inbodydescription>
        </inbodydescription>
        <location file="D:/Descargas/EDA_II-main (2)/EDA_II-main/Library.h" line="11" column="9" bodyfile="D:/Descargas/EDA_II-main (2)/EDA_II-main/Library.h" bodystart="11" bodyend="35"/>
      </memberdef>
      <memberdef kind="function" id="_library_8h_1a6d42c01797dabf37303666d7569d08c5" prot="public" static="no" const="no" explicit="no" inline="no" virt="non-virtual">
        <type>void</type>
        <definition>void Library_add_book</definition>
        <argsstring>(Library *lib, char name[], char ctg[], char FN[], char LN[], int stock)</argsstring>
        <name>Library_add_book</name>
        <param>
          <type><ref refid="struct_library" kindref="compound">Library</ref> *</type>
          <declname>lib</declname>
        </param>
        <param>
          <type>char</type>
          <declname>name</declname>
          <array>[]</array>
        </param>
        <param>
          <type>char</type>
          <declname>ctg</declname>
          <array>[]</array>
        </param>
        <param>
          <type>char</type>
          <declname>FN</declname>
          <array>[]</array>
        </param>
        <param>
          <type>char</type>
          <declname>LN</declname>
          <array>[]</array>
        </param>
        <param>
          <type>int</type>
          <declname>stock</declname>
        </param>
        <briefdescription>
        </briefdescription>
        <detaileddescription>
        </detaileddescription>
        <inbodydescription>
        </inbodydescription>
        <location file="D:/Descargas/EDA_II-main (2)/EDA_II-main/Library.h" line="37" column="6" bodyfile="D:/Descargas/EDA_II-main (2)/EDA_II-main/Library.h" bodystart="37" bodyend="41"/>
      </memberdef>
      <memberdef kind="function" id="_library_8h_1acd8ba2b3979bcc68ca0db80389456fd2" prot="public" static="no" const="no" explicit="no" inline="no" virt="non-virtual">
        <type>void</type>
        <definition>void library_print_LNB</definition>
        <argsstring>(Library *lib)</argsstring>
        <name>library_print_LNB</name>
        <param>
          <type><ref refid="struct_library" kindref="compound">Library</ref> *</type>
          <declname>lib</declname>
        </param>
        <briefdescription>
        </briefdescription>
        <detaileddescription>
        </detaileddescription>
        <inbodydescription>
        </inbodydescription>
        <location file="D:/Descargas/EDA_II-main (2)/EDA_II-main/Library.h" line="43" column="6" bodyfile="D:/Descargas/EDA_II-main (2)/EDA_II-main/Library.h" bodystart="43" bodyend="45"/>
      </memberdef>
      <memberdef kind="function" id="_library_8h_1a1838d835a63b66cef8c6e88473288a53" prot="public" static="no" const="no" explicit="no" inline="no" virt="non-virtual">
        <type>void</type>
        <definition>void Library_serialize</definition>
        <argsstring>(Library *lib)</argsstring>
        <name>Library_serialize</name>
        <param>
          <type><ref refid="struct_library" kindref="compound">Library</ref> *</type>
          <declname>lib</declname>
        </param>
        <briefdescription>
        </briefdescription>
        <detaileddescription>
        </detaileddescription>
        <inbodydescription>
        </inbodydescription>
        <location file="D:/Descargas/EDA_II-main (2)/EDA_II-main/Library.h" line="47" column="6" bodyfile="D:/Descargas/EDA_II-main (2)/EDA_II-main/Library.h" bodystart="47" bodyend="49"/>
      </memberdef>
      <memberdef kind="function" id="_library_8h_1a375e8216f6c1fc0131569cbfc37a7a86" prot="public" static="no" const="no" explicit="no" inline="no" virt="non-virtual">
        <type>void</type>
        <definition>void Library_unserialize</definition>
        <argsstring>(Library *lib)</argsstring>
        <name>Library_unserialize</name>
        <param>
          <type><ref refid="struct_library" kindref="compound">Library</ref> *</type>
          <declname>lib</declname>
        </param>
        <briefdescription>
        </briefdescription>
        <detaileddescription>
        </detaileddescription>
        <inbodydescription>
        </inbodydescription>
        <location file="D:/Descargas/EDA_II-main (2)/EDA_II-main/Library.h" line="51" column="6" bodyfile="D:/Descargas/EDA_II-main (2)/EDA_II-main/Library.h" bodystart="51" bodyend="53"/>
      </memberdef>
      </sectiondef>
    <briefdescription>
    </briefdescription>
    <detaileddescription>
    </detaileddescription>
    <programlisting>
<codeline lineno="1"><highlight class="preprocessor">#include<sp/>&lt;stdlib.h&gt;</highlight><highlight class="normal"></highlight></codeline>
<codeline lineno="2"><highlight class="normal"></highlight><highlight class="preprocessor">#include<sp/>&lt;stdio.h&gt;</highlight><highlight class="normal"></highlight></codeline>
<codeline lineno="3"><highlight class="normal"></highlight><highlight class="preprocessor">#include<sp/>&quot;<ref refid="_hash___p_8h" kindref="compound">Hash_P.h</ref>&quot;</highlight><highlight class="normal"></highlight></codeline>
<codeline lineno="4"><highlight class="normal"></highlight></codeline>
<codeline lineno="5" refid="struct_library" refkind="compound"><highlight class="normal"></highlight><highlight class="keyword">typedef</highlight><highlight class="normal"><sp/></highlight><highlight class="keyword">struct<sp/></highlight><highlight class="normal"><ref refid="struct_library" kindref="compound">Library</ref>{</highlight></codeline>
<codeline lineno="6"><highlight class="normal"></highlight></codeline>
<codeline lineno="7" refid="struct_library_1a713f83a5e3bb2f3d6e4ef4cbb29d6edf" refkind="member"><highlight class="normal"><sp/><sp/><sp/><sp/></highlight><highlight class="keyword">struct<sp/></highlight><highlight class="normal"><ref refid="struct_list___n_b" kindref="compound">List_NB</ref>*<sp/><ref refid="struct_library_1a713f83a5e3bb2f3d6e4ef4cbb29d6edf" kindref="member">LNB</ref>;</highlight></codeline>
<codeline lineno="8" refid="struct_library_1a07fe6c4e40cf3c69cf3cfc2910795e2a" refkind="member"><highlight class="normal"><sp/><sp/><sp/><sp/></highlight><highlight class="keyword">struct<sp/></highlight><highlight class="normal"><ref refid="struct_prime___hash" kindref="compound">Prime_Hash</ref>*<sp/><ref refid="struct_library_1a07fe6c4e40cf3c69cf3cfc2910795e2a" kindref="member">PHT</ref>;</highlight></codeline>
<codeline lineno="9" refid="_library_8h_1a448ec5e56af36b90ed7efa8c7eb831c7" refkind="member"><highlight class="normal">}<sp/><ref refid="struct_library" kindref="compound">Library</ref>;</highlight></codeline>
<codeline lineno="10"><highlight class="normal"></highlight></codeline>
<codeline lineno="11" refid="_library_8h_1a041ced935cfbae5e8559394bc7415386" refkind="member"><highlight class="normal"><ref refid="struct_library" kindref="compound">Library</ref>*<sp/><ref refid="_library_8h_1a041ced935cfbae5e8559394bc7415386" kindref="member">Lib_New</ref>(){</highlight></codeline>
<codeline lineno="12"><highlight class="normal"></highlight></codeline>
<codeline lineno="13"><highlight class="normal"><sp/><sp/><sp/><sp/><ref refid="struct_library" kindref="compound">Library</ref>*<sp/>lib<sp/>=<sp/>(<ref refid="struct_library" kindref="compound">Library</ref>*)<sp/>malloc(</highlight><highlight class="keyword">sizeof</highlight><highlight class="normal">(<ref refid="struct_library" kindref="compound">Library</ref>));</highlight></codeline>
<codeline lineno="14"><highlight class="normal"></highlight></codeline>
<codeline lineno="15"><highlight class="normal"><sp/><sp/><sp/><sp/></highlight><highlight class="keywordflow">if</highlight><highlight class="normal">(lib<sp/>!=<sp/>NULL){</highlight></codeline>
<codeline lineno="16"><highlight class="normal"></highlight></codeline>
<codeline lineno="17"><highlight class="normal"><sp/><sp/><sp/><sp/><sp/><sp/><sp/><sp/><ref refid="struct_list___n_b" kindref="compound">ListNB</ref>*<sp/>listNB<sp/>=<sp/><ref refid="_list___n_b_8h_1aa15e88906b119eb765e9f7a174a3bc25" kindref="member">LNB_create</ref>();</highlight></codeline>
<codeline lineno="18"><highlight class="normal"></highlight></codeline>
<codeline lineno="19"><highlight class="normal"><sp/><sp/><sp/><sp/><sp/><sp/><sp/><sp/></highlight><highlight class="keywordflow">if</highlight><highlight class="normal">(listNB<sp/>!=<sp/>NULL){</highlight></codeline>
<codeline lineno="20"><highlight class="normal"><sp/><sp/><sp/><sp/><sp/><sp/><sp/><sp/><sp/><sp/><sp/><sp/>lib-&gt;<ref refid="struct_library_1a713f83a5e3bb2f3d6e4ef4cbb29d6edf" kindref="member">LNB</ref><sp/>=<sp/>listNB;</highlight></codeline>
<codeline lineno="21"><highlight class="normal"><sp/><sp/><sp/><sp/><sp/><sp/><sp/><sp/>}</highlight><highlight class="keywordflow">else</highlight><highlight class="normal">{</highlight></codeline>
<codeline lineno="22"><highlight class="normal"><sp/><sp/><sp/><sp/><sp/><sp/><sp/><sp/><sp/><sp/><sp/><sp/>printf(</highlight><highlight class="stringliteral">&quot;error<sp/>creando<sp/>la<sp/>lista&quot;</highlight><highlight class="normal">);</highlight></codeline>
<codeline lineno="23"><highlight class="normal"><sp/><sp/><sp/><sp/><sp/><sp/><sp/><sp/>}</highlight></codeline>
<codeline lineno="24"><highlight class="normal"></highlight></codeline>
<codeline lineno="25"><highlight class="normal"><sp/><sp/><sp/><sp/><sp/><sp/><sp/><sp/><ref refid="struct_prime___hash" kindref="compound">Prime_Hash</ref>*<sp/>PHT<sp/>=<sp/><ref refid="_hash___p_8h_1a7c68dc0012abf7c42a73c4a491b57891" kindref="member">PHT_Create</ref>();</highlight></codeline>
<codeline lineno="26"><highlight class="normal"></highlight></codeline>
<codeline lineno="27"><highlight class="normal"><sp/><sp/><sp/><sp/><sp/><sp/><sp/><sp/></highlight><highlight class="keywordflow">if</highlight><highlight class="normal">(PHT<sp/>!=<sp/>NULL){</highlight></codeline>
<codeline lineno="28"><highlight class="normal"><sp/><sp/><sp/><sp/><sp/><sp/><sp/><sp/><sp/><sp/><sp/><sp/>lib-&gt;<ref refid="struct_library_1a07fe6c4e40cf3c69cf3cfc2910795e2a" kindref="member">PHT</ref><sp/>=<sp/>PHT;</highlight></codeline>
<codeline lineno="29"><highlight class="normal"><sp/><sp/><sp/><sp/><sp/><sp/><sp/><sp/>}</highlight><highlight class="keywordflow">else</highlight><highlight class="normal">{</highlight></codeline>
<codeline lineno="30"><highlight class="normal"><sp/><sp/><sp/><sp/><sp/><sp/><sp/><sp/><sp/><sp/><sp/><sp/>printf(</highlight><highlight class="stringliteral">&quot;error<sp/>creando<sp/>la<sp/>lista&quot;</highlight><highlight class="normal">);</highlight></codeline>
<codeline lineno="31"><highlight class="normal"><sp/><sp/><sp/><sp/><sp/><sp/><sp/><sp/>}</highlight></codeline>
<codeline lineno="32"><highlight class="normal"></highlight></codeline>
<codeline lineno="33"><highlight class="normal"><sp/><sp/><sp/><sp/>}</highlight></codeline>
<codeline lineno="34"><highlight class="normal"><sp/><sp/><sp/><sp/></highlight><highlight class="keywordflow">return</highlight><highlight class="normal"><sp/>lib;</highlight></codeline>
<codeline lineno="35"><highlight class="normal">}</highlight></codeline>
<codeline lineno="36"><highlight class="normal"></highlight></codeline>
<codeline lineno="37" refid="_library_8h_1a6d42c01797dabf37303666d7569d08c5" refkind="member"><highlight class="normal"></highlight><highlight class="keywordtype">void</highlight><highlight class="normal"><sp/><ref refid="_library_8h_1a6d42c01797dabf37303666d7569d08c5" kindref="member">Library_add_book</ref>(<ref refid="struct_library" kindref="compound">Library</ref>*<sp/>lib,<sp/></highlight><highlight class="keywordtype">char</highlight><highlight class="normal"><sp/>name[],<sp/></highlight><highlight class="keywordtype">char</highlight><highlight class="normal"><sp/>ctg[],<sp/></highlight><highlight class="keywordtype">char</highlight><highlight class="normal"><sp/>FN[],<sp/></highlight><highlight class="keywordtype">char</highlight><highlight class="normal"><sp/>LN[],<sp/></highlight><highlight class="keywordtype">int</highlight><highlight class="normal"><sp/>stock){</highlight></codeline>
<codeline lineno="38"><highlight class="normal"><sp/><sp/><sp/><sp/><ref refid="struct_node___l_b" kindref="compound">NodeLB</ref>*<sp/>nlb<sp/>=<sp/><ref refid="_list___n_b_8h_1ad1dc4d07813def96a101a032f3ad0973" kindref="member">LNB_add</ref>(lib-&gt;<ref refid="struct_library_1a713f83a5e3bb2f3d6e4ef4cbb29d6edf" kindref="member">LNB</ref>,<sp/>name,<sp/>ctg,<sp/>FN,<sp/>LN,<sp/>stock);</highlight></codeline>
<codeline lineno="39"><highlight class="normal"><sp/><sp/><sp/><sp/><ref refid="_hash___p_8h_1aeaf8d77e0b63f9ad90f0df98e773dbbd" kindref="member">PHT_add</ref>(lib-&gt;<ref refid="struct_library_1a07fe6c4e40cf3c69cf3cfc2910795e2a" kindref="member">PHT</ref>,<sp/>nlb);</highlight></codeline>
<codeline lineno="40"><highlight class="normal"><sp/><sp/><sp/><sp/>printf(</highlight><highlight class="stringliteral">&quot;libro<sp/>agregado\n&quot;</highlight><highlight class="normal">);</highlight></codeline>
<codeline lineno="41"><highlight class="normal">}</highlight></codeline>
<codeline lineno="42"><highlight class="normal"></highlight></codeline>
<codeline lineno="43" refid="_library_8h_1acd8ba2b3979bcc68ca0db80389456fd2" refkind="member"><highlight class="normal"></highlight><highlight class="keywordtype">void</highlight><highlight class="normal"><sp/><ref refid="_library_8h_1acd8ba2b3979bcc68ca0db80389456fd2" kindref="member">library_print_LNB</ref>(<ref refid="struct_library" kindref="compound">Library</ref>*<sp/>lib){</highlight></codeline>
<codeline lineno="44"><highlight class="normal"><sp/><sp/><sp/><sp/><ref refid="_list___n_b_8h_1aa3166d2e5368d1c02d046ed3733a61c3" kindref="member">LNB_print</ref>(lib-&gt;<ref refid="struct_library_1a713f83a5e3bb2f3d6e4ef4cbb29d6edf" kindref="member">LNB</ref>);</highlight></codeline>
<codeline lineno="45"><highlight class="normal">}</highlight></codeline>
<codeline lineno="46"><highlight class="normal"></highlight></codeline>
<codeline lineno="47" refid="_library_8h_1a1838d835a63b66cef8c6e88473288a53" refkind="member"><highlight class="normal"></highlight><highlight class="keywordtype">void</highlight><highlight class="normal"><sp/><ref refid="_library_8h_1a1838d835a63b66cef8c6e88473288a53" kindref="member">Library_serialize</ref>(<ref refid="struct_library" kindref="compound">Library</ref>*<sp/>lib){</highlight></codeline>
<codeline lineno="48"><highlight class="normal"><sp/><sp/><sp/><sp/><ref refid="_yaml__b_8h_1a81391539072b9bcf9a448b743480a6fe" kindref="member">YamlB_serialize</ref>(lib-&gt;<ref refid="struct_library_1a713f83a5e3bb2f3d6e4ef4cbb29d6edf" kindref="member">LNB</ref>);</highlight></codeline>
<codeline lineno="49"><highlight class="normal">}</highlight></codeline>
<codeline lineno="50"><highlight class="normal"></highlight></codeline>
<codeline lineno="51" refid="_library_8h_1a375e8216f6c1fc0131569cbfc37a7a86" refkind="member"><highlight class="normal"></highlight><highlight class="keywordtype">void</highlight><highlight class="normal"><sp/><ref refid="_library_8h_1a375e8216f6c1fc0131569cbfc37a7a86" kindref="member">Library_unserialize</ref>(<ref refid="struct_library" kindref="compound">Library</ref>*<sp/>lib){</highlight></codeline>
<codeline lineno="52"><highlight class="normal"><sp/><sp/><sp/><sp/>lib-&gt;<ref refid="struct_library_1a713f83a5e3bb2f3d6e4ef4cbb29d6edf" kindref="member">LNB</ref><sp/>=<sp/><ref refid="_yaml__b_8h_1a214c5a6fbc47e0a1bbe8dbe9cad8dcab" kindref="member">YamlB_unSerialize</ref>();</highlight></codeline>
<codeline lineno="53"><highlight class="normal">}</highlight></codeline>
<codeline lineno="54"><highlight class="normal"></highlight></codeline>
    </programlisting>
    <location file="D:/Descargas/EDA_II-main (2)/EDA_II-main/Library.h"/>
  </compounddef>
</doxygen>
