<?xml version='1.0' encoding='UTF-8' standalone='no'?>
<doxygen xmlns:xsi="http://www.w3.org/2001/XMLSchema-instance" xsi:noNamespaceSchemaLocation="compound.xsd" version="1.9.6" xml:lang="es">
  <compounddef id="_list___n_b_8h" kind="file" language="C++">
    <compoundname>List_NB.h</compoundname>
    <includes local="no">stdio.h</includes>
    <includes local="no">stdlib.h</includes>
    <includes refid="_node___l_b_8h" local="yes">Node_LB.h</includes>
    <includedby refid="_yaml__b_8h" local="yes">D:/Descargas/EDA_II-main (2)/EDA_II-main/Yaml_b.h</includedby>
    <incdepgraph>
      <node id="5">
        <label>Book.h</label>
        <link refid="_book_8h"/>
        <childnode refid="2" relation="include">
        </childnode>
        <childnode refid="3" relation="include">
        </childnode>
      </node>
      <node id="1">
        <label>D:/Descargas/EDA_II-main (2)/EDA_II-main/List_NB.h</label>
        <link refid="_list___n_b_8h"/>
        <childnode refid="2" relation="include">
        </childnode>
        <childnode refid="3" relation="include">
        </childnode>
        <childnode refid="4" relation="include">
        </childnode>
      </node>
      <node id="4">
        <label>Node_LB.h</label>
        <link refid="_node___l_b_8h"/>
        <childnode refid="2" relation="include">
        </childnode>
        <childnode refid="3" relation="include">
        </childnode>
        <childnode refid="5" relation="include">
        </childnode>
      </node>
      <node id="2">
        <label>stdio.h</label>
      </node>
      <node id="3">
        <label>stdlib.h</label>
      </node>
    </incdepgraph>
    <invincdepgraph>
      <node id="3">
        <label>D:/Descargas/EDA_II-main (2)/EDA_II-main/Ele_List.h</label>
        <link refid="_ele___list_8h"/>
        <childnode refid="4" relation="include">
        </childnode>
      </node>
      <node id="4">
        <label>D:/Descargas/EDA_II-main (2)/EDA_II-main/Hash.h</label>
        <link refid="_hash_8h"/>
        <childnode refid="5" relation="include">
        </childnode>
      </node>
      <node id="5">
        <label>D:/Descargas/EDA_II-main (2)/EDA_II-main/Hash_P.h</label>
        <link refid="_hash___p_8h"/>
        <childnode refid="6" relation="include">
        </childnode>
      </node>
      <node id="6">
        <label>D:/Descargas/EDA_II-main (2)/EDA_II-main/Library.h</label>
        <link refid="_library_8h"/>
      </node>
      <node id="1">
        <label>D:/Descargas/EDA_II-main (2)/EDA_II-main/List_NB.h</label>
        <link refid="_list___n_b_8h"/>
        <childnode refid="2" relation="include">
        </childnode>
      </node>
      <node id="2">
        <label>D:/Descargas/EDA_II-main (2)/EDA_II-main/Yaml_b.h</label>
        <link refid="_yaml__b_8h"/>
        <childnode refid="3" relation="include">
        </childnode>
      </node>
    </invincdepgraph>
    <innerclass refid="struct_list___n_b" prot="public">List_NB</innerclass>
      <sectiondef kind="typedef">
      <memberdef kind="typedef" id="_list___n_b_8h_1aa0838f7fb2a8bb272faf71ac340ec705" prot="public" static="no">
        <type>struct <ref refid="struct_list___n_b" kindref="compound">List_NB</ref></type>
        <definition>typedef struct List_NB ListNB</definition>
        <argsstring></argsstring>
        <name>ListNB</name>
        <briefdescription>
        </briefdescription>
        <detaileddescription>
        </detaileddescription>
        <inbodydescription>
        </inbodydescription>
        <location file="D:/Descargas/EDA_II-main (2)/EDA_II-main/List_NB.h" line="12" column="8"/>
      </memberdef>
      </sectiondef>
      <sectiondef kind="func">
      <memberdef kind="function" id="_list___n_b_8h_1aa15e88906b119eb765e9f7a174a3bc25" prot="public" static="no" const="no" explicit="no" inline="no" virt="non-virtual">
        <type><ref refid="_list___n_b_8h_1aa0838f7fb2a8bb272faf71ac340ec705" kindref="member">ListNB</ref> *</type>
        <definition>ListNB * LNB_create</definition>
        <argsstring>()</argsstring>
        <name>LNB_create</name>
        <briefdescription>
        </briefdescription>
        <detaileddescription>
        </detaileddescription>
        <inbodydescription>
        </inbodydescription>
        <location file="D:/Descargas/EDA_II-main (2)/EDA_II-main/List_NB.h" line="14" column="8" bodyfile="D:/Descargas/EDA_II-main (2)/EDA_II-main/List_NB.h" bodystart="14" bodyend="27"/>
      </memberdef>
      <memberdef kind="function" id="_list___n_b_8h_1a5249b093c35ec11210e088ba4cff4a0b" prot="public" static="no" const="no" explicit="no" inline="no" virt="non-virtual">
        <type>int</type>
        <definition>int LNB_getLen</definition>
        <argsstring>(ListNB *this)</argsstring>
        <name>LNB_getLen</name>
        <param>
          <type><ref refid="_list___n_b_8h_1aa0838f7fb2a8bb272faf71ac340ec705" kindref="member">ListNB</ref> *</type>
          <declname>this</declname>
        </param>
        <briefdescription>
        </briefdescription>
        <detaileddescription>
        </detaileddescription>
        <inbodydescription>
        </inbodydescription>
        <location file="D:/Descargas/EDA_II-main (2)/EDA_II-main/List_NB.h" line="29" column="5" bodyfile="D:/Descargas/EDA_II-main (2)/EDA_II-main/List_NB.h" bodystart="29" bodyend="31"/>
      </memberdef>
      <memberdef kind="function" id="_list___n_b_8h_1a6875c78597f3fcc8509e726fb7f7d074" prot="public" static="no" const="no" explicit="no" inline="no" virt="non-virtual">
        <type>void</type>
        <definition>void LNB_setLen</definition>
        <argsstring>(ListNB *this, int lenN)</argsstring>
        <name>LNB_setLen</name>
        <param>
          <type><ref refid="_list___n_b_8h_1aa0838f7fb2a8bb272faf71ac340ec705" kindref="member">ListNB</ref> *</type>
          <declname>this</declname>
        </param>
        <param>
          <type>int</type>
          <declname>lenN</declname>
        </param>
        <briefdescription>
        </briefdescription>
        <detaileddescription>
        </detaileddescription>
        <inbodydescription>
        </inbodydescription>
        <location file="D:/Descargas/EDA_II-main (2)/EDA_II-main/List_NB.h" line="33" column="6" bodyfile="D:/Descargas/EDA_II-main (2)/EDA_II-main/List_NB.h" bodystart="33" bodyend="35"/>
      </memberdef>
      <memberdef kind="function" id="_list___n_b_8h_1ad1dc4d07813def96a101a032f3ad0973" prot="public" static="no" const="no" explicit="no" inline="no" virt="non-virtual">
        <type><ref refid="_node___l_b_8h_1ac3f34d1f6fd95618337d1aad7211e212" kindref="member">NodeLB</ref> *</type>
        <definition>NodeLB * LNB_add</definition>
        <argsstring>(ListNB *listNB, char name[], char ctg[], char FN[], char LN[], int stock)</argsstring>
        <name>LNB_add</name>
        <param>
          <type><ref refid="_list___n_b_8h_1aa0838f7fb2a8bb272faf71ac340ec705" kindref="member">ListNB</ref> *</type>
          <declname>listNB</declname>
        </param>
        <param>
          <type>char</type>
          <declname>name</declname>
          <array>[]</array>
        </param>
        <param>
          <type>char</type>
          <declname>ctg</declname>
          <array>[]</array>
        </param>
        <param>
          <type>char</type>
          <declname>FN</declname>
          <array>[]</array>
        </param>
        <param>
          <type>char</type>
          <declname>LN</declname>
          <array>[]</array>
        </param>
        <param>
          <type>int</type>
          <declname>stock</declname>
        </param>
        <briefdescription>
        </briefdescription>
        <detaileddescription>
        </detaileddescription>
        <inbodydescription>
        </inbodydescription>
        <location file="D:/Descargas/EDA_II-main (2)/EDA_II-main/List_NB.h" line="37" column="8" bodyfile="D:/Descargas/EDA_II-main (2)/EDA_II-main/List_NB.h" bodystart="37" bodyend="60"/>
      </memberdef>
      <memberdef kind="function" id="_list___n_b_8h_1aa3166d2e5368d1c02d046ed3733a61c3" prot="public" static="no" const="no" explicit="no" inline="no" virt="non-virtual">
        <type>void</type>
        <definition>void LNB_print</definition>
        <argsstring>(ListNB *listNB)</argsstring>
        <name>LNB_print</name>
        <param>
          <type><ref refid="_list___n_b_8h_1aa0838f7fb2a8bb272faf71ac340ec705" kindref="member">ListNB</ref> *</type>
          <declname>listNB</declname>
        </param>
        <briefdescription>
        </briefdescription>
        <detaileddescription>
        </detaileddescription>
        <inbodydescription>
        </inbodydescription>
        <location file="D:/Descargas/EDA_II-main (2)/EDA_II-main/List_NB.h" line="62" column="6" bodyfile="D:/Descargas/EDA_II-main (2)/EDA_II-main/List_NB.h" bodystart="62" bodyend="66"/>
      </memberdef>
      </sectiondef>
    <briefdescription>
    </briefdescription>
    <detaileddescription>
    </detaileddescription>
    <programlisting>
<codeline lineno="1"><highlight class="preprocessor">#include<sp/>&lt;stdio.h&gt;</highlight><highlight class="normal"></highlight></codeline>
<codeline lineno="2"><highlight class="normal"></highlight><highlight class="preprocessor">#include<sp/>&lt;stdlib.h&gt;</highlight><highlight class="normal"></highlight></codeline>
<codeline lineno="3"><highlight class="normal"></highlight></codeline>
<codeline lineno="4"><highlight class="normal"></highlight><highlight class="preprocessor">#include<sp/>&quot;<ref refid="_node___l_b_8h" kindref="compound">Node_LB.h</ref>&quot;</highlight><highlight class="normal"></highlight></codeline>
<codeline lineno="5"><highlight class="normal"></highlight></codeline>
<codeline lineno="6" refid="struct_list___n_b" refkind="compound"><highlight class="normal"></highlight><highlight class="keyword">typedef</highlight><highlight class="normal"><sp/></highlight><highlight class="keyword">struct<sp/></highlight><highlight class="normal"><ref refid="struct_list___n_b" kindref="compound">List_NB</ref>{</highlight></codeline>
<codeline lineno="7"><highlight class="normal"></highlight></codeline>
<codeline lineno="8" refid="struct_list___n_b_1af40d35eb8e194f27009a9909ab357d00" refkind="member"><highlight class="normal"><sp/><sp/><sp/><sp/></highlight><highlight class="keyword">struct<sp/></highlight><highlight class="normal"><ref refid="struct_node___l_b" kindref="compound">Node_LB</ref>*<sp/><ref refid="struct_list___n_b_1af40d35eb8e194f27009a9909ab357d00" kindref="member">Start</ref>;</highlight></codeline>
<codeline lineno="9" refid="struct_list___n_b_1a028fefcacd53fadd3edde5fd8596ad28" refkind="member"><highlight class="normal"><sp/><sp/><sp/><sp/></highlight><highlight class="keyword">struct<sp/></highlight><highlight class="normal"><ref refid="struct_node___l_b" kindref="compound">Node_LB</ref>*<sp/><ref refid="struct_list___n_b_1a028fefcacd53fadd3edde5fd8596ad28" kindref="member">Finish</ref>;</highlight></codeline>
<codeline lineno="10" refid="struct_list___n_b_1afed088663f8704004425cdae2120b9b3" refkind="member"><highlight class="normal"><sp/><sp/><sp/><sp/></highlight><highlight class="keywordtype">int</highlight><highlight class="normal"><sp/><ref refid="struct_list___n_b_1afed088663f8704004425cdae2120b9b3" kindref="member">len</ref>;</highlight></codeline>
<codeline lineno="11"><highlight class="normal"></highlight></codeline>
<codeline lineno="12" refid="_list___n_b_8h_1aa0838f7fb2a8bb272faf71ac340ec705" refkind="member"><highlight class="normal">}<sp/><ref refid="_list___n_b_8h_1aa0838f7fb2a8bb272faf71ac340ec705" kindref="member">ListNB</ref>;</highlight></codeline>
<codeline lineno="13"><highlight class="normal"></highlight></codeline>
<codeline lineno="14" refid="_list___n_b_8h_1aa15e88906b119eb765e9f7a174a3bc25" refkind="member"><highlight class="normal"><ref refid="struct_list___n_b" kindref="compound">ListNB</ref>*<sp/><ref refid="_list___n_b_8h_1aa15e88906b119eb765e9f7a174a3bc25" kindref="member">LNB_create</ref>(){</highlight></codeline>
<codeline lineno="15"><highlight class="normal"></highlight></codeline>
<codeline lineno="16"><highlight class="normal"><sp/><sp/><sp/><sp/><ref refid="struct_list___n_b" kindref="compound">ListNB</ref>*<sp/>listNB<sp/>=<sp/>(<ref refid="struct_list___n_b" kindref="compound">ListNB</ref>*)<sp/>malloc(</highlight><highlight class="keyword">sizeof</highlight><highlight class="normal">(<ref refid="struct_list___n_b" kindref="compound">ListNB</ref>));</highlight></codeline>
<codeline lineno="17"><highlight class="normal"></highlight></codeline>
<codeline lineno="18"><highlight class="normal"><sp/><sp/><sp/><sp/></highlight><highlight class="keywordflow">if</highlight><highlight class="normal">(<sp/>listNB<sp/>!=<sp/>NULL){</highlight></codeline>
<codeline lineno="19"><highlight class="normal"><sp/><sp/><sp/><sp/><sp/><sp/><sp/><sp/>listNB-&gt;<ref refid="struct_list___n_b_1af40d35eb8e194f27009a9909ab357d00" kindref="member">Start</ref><sp/>=<sp/>NULL;</highlight></codeline>
<codeline lineno="20"><highlight class="normal"><sp/><sp/><sp/><sp/><sp/><sp/><sp/><sp/>listNB-&gt;<ref refid="struct_list___n_b_1a028fefcacd53fadd3edde5fd8596ad28" kindref="member">Finish</ref><sp/>=<sp/>NULL;</highlight></codeline>
<codeline lineno="21"><highlight class="normal"><sp/><sp/><sp/><sp/><sp/><sp/><sp/><sp/>listNB-&gt;<ref refid="struct_list___n_b_1afed088663f8704004425cdae2120b9b3" kindref="member">len</ref><sp/>=<sp/>0;</highlight></codeline>
<codeline lineno="22"><highlight class="normal"><sp/><sp/><sp/><sp/>}</highlight><highlight class="keywordflow">else</highlight><highlight class="normal">{</highlight></codeline>
<codeline lineno="23"><highlight class="normal"><sp/><sp/><sp/><sp/><sp/><sp/><sp/><sp/></highlight><highlight class="keywordflow">return</highlight><highlight class="normal"><sp/>NULL;</highlight></codeline>
<codeline lineno="24"><highlight class="normal"><sp/><sp/><sp/><sp/>}</highlight></codeline>
<codeline lineno="25"><highlight class="normal"></highlight></codeline>
<codeline lineno="26"><highlight class="normal"><sp/><sp/><sp/><sp/></highlight><highlight class="keywordflow">return</highlight><highlight class="normal"><sp/>listNB;</highlight></codeline>
<codeline lineno="27"><highlight class="normal">}</highlight></codeline>
<codeline lineno="28"><highlight class="normal"></highlight></codeline>
<codeline lineno="29" refid="_list___n_b_8h_1a5249b093c35ec11210e088ba4cff4a0b" refkind="member"><highlight class="normal"></highlight><highlight class="keywordtype">int</highlight><highlight class="normal"><sp/><ref refid="_list___n_b_8h_1a5249b093c35ec11210e088ba4cff4a0b" kindref="member">LNB_getLen</ref>(<ref refid="struct_list___n_b" kindref="compound">ListNB</ref>*<sp/></highlight><highlight class="keyword">this</highlight><highlight class="normal">){</highlight></codeline>
<codeline lineno="30"><highlight class="normal"><sp/><sp/><sp/><sp/></highlight><highlight class="keywordflow">return</highlight><highlight class="normal"><sp/>(*this).len;</highlight></codeline>
<codeline lineno="31"><highlight class="normal">}</highlight></codeline>
<codeline lineno="32"><highlight class="normal"></highlight></codeline>
<codeline lineno="33" refid="_list___n_b_8h_1a6875c78597f3fcc8509e726fb7f7d074" refkind="member"><highlight class="normal"></highlight><highlight class="keywordtype">void</highlight><highlight class="normal"><sp/><ref refid="_list___n_b_8h_1a6875c78597f3fcc8509e726fb7f7d074" kindref="member">LNB_setLen</ref>(<ref refid="struct_list___n_b" kindref="compound">ListNB</ref>*<sp/></highlight><highlight class="keyword">this</highlight><highlight class="normal">,<sp/></highlight><highlight class="keywordtype">int</highlight><highlight class="normal"><sp/>lenN){</highlight></codeline>
<codeline lineno="34"><highlight class="normal"><sp/><sp/><sp/><sp/>(*this).len<sp/>=<sp/>lenN;</highlight></codeline>
<codeline lineno="35"><highlight class="normal">}</highlight></codeline>
<codeline lineno="36"><highlight class="normal"></highlight></codeline>
<codeline lineno="37" refid="_list___n_b_8h_1ad1dc4d07813def96a101a032f3ad0973" refkind="member"><highlight class="normal"><ref refid="struct_node___l_b" kindref="compound">NodeLB</ref>*<sp/><ref refid="_list___n_b_8h_1ad1dc4d07813def96a101a032f3ad0973" kindref="member">LNB_add</ref>(<ref refid="struct_list___n_b" kindref="compound">ListNB</ref>*<sp/>listNB,</highlight><highlight class="keywordtype">char</highlight><highlight class="normal"><sp/>name[],<sp/></highlight><highlight class="keywordtype">char</highlight><highlight class="normal"><sp/>ctg[],<sp/></highlight><highlight class="keywordtype">char</highlight><highlight class="normal"><sp/>FN[],<sp/></highlight><highlight class="keywordtype">char</highlight><highlight class="normal"><sp/>LN[],<sp/></highlight><highlight class="keywordtype">int</highlight><highlight class="normal"><sp/>stock){</highlight></codeline>
<codeline lineno="38"><highlight class="normal"></highlight></codeline>
<codeline lineno="39"><highlight class="normal"><sp/><sp/><sp/><sp/><ref refid="struct_node___l_b" kindref="compound">NodeLB</ref>*<sp/>nlb<sp/>=<sp/><ref refid="_node___l_b_8h_1ac0906f3c354bdd6f4c5449822ec0c0ed" kindref="member">NLB_Create</ref>(name,<sp/>ctg,<sp/>FN,<sp/>LN,<sp/>stock);</highlight></codeline>
<codeline lineno="40"><highlight class="normal"></highlight></codeline>
<codeline lineno="41"><highlight class="normal"><sp/><sp/><sp/><sp/></highlight><highlight class="keywordflow">if</highlight><highlight class="normal">(nlb<sp/>!=<sp/>NULL){</highlight></codeline>
<codeline lineno="42"><highlight class="normal"><sp/><sp/><sp/><sp/><sp/><sp/><sp/><sp/></highlight><highlight class="keywordflow">if</highlight><highlight class="normal">(<ref refid="_list___n_b_8h_1a5249b093c35ec11210e088ba4cff4a0b" kindref="member">LNB_getLen</ref>(listNB)<sp/>==<sp/>0){</highlight></codeline>
<codeline lineno="43"><highlight class="normal"><sp/><sp/><sp/><sp/><sp/><sp/><sp/><sp/><sp/><sp/><sp/><sp/>listNB-&gt;<ref refid="struct_list___n_b_1af40d35eb8e194f27009a9909ab357d00" kindref="member">Start</ref><sp/>=<sp/>nlb;</highlight></codeline>
<codeline lineno="44"><highlight class="normal"><sp/><sp/><sp/><sp/><sp/><sp/><sp/><sp/>}</highlight><highlight class="keywordflow">else</highlight><highlight class="normal"><sp/></highlight><highlight class="keywordflow">if</highlight><highlight class="normal">(<ref refid="_list___n_b_8h_1a5249b093c35ec11210e088ba4cff4a0b" kindref="member">LNB_getLen</ref>(listNB)<sp/>==<sp/>1){</highlight></codeline>
<codeline lineno="45"><highlight class="normal"><sp/><sp/><sp/><sp/><sp/><sp/><sp/><sp/><sp/><sp/><sp/><sp/>listNB-&gt;<ref refid="struct_list___n_b_1af40d35eb8e194f27009a9909ab357d00" kindref="member">Start</ref>-&gt;<ref refid="struct_node___l_b_1abbad42537a1a5c18feb777396d06000a" kindref="member">next</ref><sp/>=<sp/>nlb;</highlight></codeline>
<codeline lineno="46"><highlight class="normal"><sp/><sp/><sp/><sp/><sp/><sp/><sp/><sp/><sp/><sp/><sp/><sp/>nlb-&gt;<ref refid="struct_node___l_b_1a6a78996c93a5fe7dbc34b17ac2987f9d" kindref="member">prev</ref><sp/>=<sp/>listNB-&gt;<ref refid="struct_list___n_b_1af40d35eb8e194f27009a9909ab357d00" kindref="member">Start</ref>;</highlight></codeline>
<codeline lineno="47"><highlight class="normal"><sp/><sp/><sp/><sp/><sp/><sp/><sp/><sp/><sp/><sp/><sp/><sp/>listNB-&gt;<ref refid="struct_list___n_b_1a028fefcacd53fadd3edde5fd8596ad28" kindref="member">Finish</ref><sp/>=<sp/>nlb;</highlight></codeline>
<codeline lineno="48"><highlight class="normal"><sp/><sp/><sp/><sp/><sp/><sp/><sp/><sp/>}</highlight><highlight class="keywordflow">else</highlight><highlight class="normal"><sp/></highlight><highlight class="keywordflow">if</highlight><highlight class="normal">(<ref refid="_list___n_b_8h_1a5249b093c35ec11210e088ba4cff4a0b" kindref="member">LNB_getLen</ref>(listNB)<sp/>&gt;<sp/>1){</highlight></codeline>
<codeline lineno="49"><highlight class="normal"><sp/><sp/><sp/><sp/><sp/><sp/><sp/><sp/><sp/><sp/><sp/><sp/>listNB-&gt;<ref refid="struct_list___n_b_1a028fefcacd53fadd3edde5fd8596ad28" kindref="member">Finish</ref>-&gt;<ref refid="struct_node___l_b_1abbad42537a1a5c18feb777396d06000a" kindref="member">next</ref><sp/>=<sp/>nlb;</highlight></codeline>
<codeline lineno="50"><highlight class="normal"><sp/><sp/><sp/><sp/><sp/><sp/><sp/><sp/><sp/><sp/><sp/><sp/>nlb-&gt;<ref refid="struct_node___l_b_1a6a78996c93a5fe7dbc34b17ac2987f9d" kindref="member">prev</ref><sp/>=<sp/>listNB-&gt;<ref refid="struct_list___n_b_1a028fefcacd53fadd3edde5fd8596ad28" kindref="member">Finish</ref>;</highlight></codeline>
<codeline lineno="51"><highlight class="normal"><sp/><sp/><sp/><sp/><sp/><sp/><sp/><sp/><sp/><sp/><sp/><sp/>listNB-&gt;<ref refid="struct_list___n_b_1a028fefcacd53fadd3edde5fd8596ad28" kindref="member">Finish</ref><sp/>=<sp/>nlb;</highlight></codeline>
<codeline lineno="52"><highlight class="normal"><sp/><sp/><sp/><sp/><sp/><sp/><sp/><sp/>}</highlight></codeline>
<codeline lineno="53"><highlight class="normal"><sp/><sp/><sp/><sp/><sp/><sp/><sp/><sp/><ref refid="_list___n_b_8h_1a6875c78597f3fcc8509e726fb7f7d074" kindref="member">LNB_setLen</ref>(listNB,<sp/><ref refid="_list___n_b_8h_1a5249b093c35ec11210e088ba4cff4a0b" kindref="member">LNB_getLen</ref>(listNB)+1);</highlight></codeline>
<codeline lineno="54"><highlight class="normal"><sp/><sp/><sp/><sp/>}</highlight><highlight class="keywordflow">else</highlight><highlight class="normal">{</highlight></codeline>
<codeline lineno="55"><highlight class="normal"><sp/><sp/><sp/><sp/><sp/><sp/><sp/><sp/>printf(</highlight><highlight class="stringliteral">&quot;no<sp/>se<sp/>puede<sp/>agregar&quot;</highlight><highlight class="normal">);</highlight></codeline>
<codeline lineno="56"><highlight class="normal"><sp/><sp/><sp/><sp/>}</highlight></codeline>
<codeline lineno="57"><highlight class="normal"></highlight></codeline>
<codeline lineno="58"><highlight class="normal"><sp/><sp/><sp/><sp/></highlight><highlight class="keywordflow">return</highlight><highlight class="normal"><sp/>nlb;</highlight></codeline>
<codeline lineno="59"><highlight class="normal"></highlight></codeline>
<codeline lineno="60"><highlight class="normal">}</highlight></codeline>
<codeline lineno="61"><highlight class="normal"></highlight></codeline>
<codeline lineno="62" refid="_list___n_b_8h_1aa3166d2e5368d1c02d046ed3733a61c3" refkind="member"><highlight class="normal"></highlight><highlight class="keywordtype">void</highlight><highlight class="normal"><sp/><ref refid="_list___n_b_8h_1aa3166d2e5368d1c02d046ed3733a61c3" kindref="member">LNB_print</ref>(<ref refid="struct_list___n_b" kindref="compound">ListNB</ref>*<sp/>listNB){</highlight></codeline>
<codeline lineno="63"><highlight class="normal"></highlight></codeline>
<codeline lineno="64"><highlight class="normal"><sp/><sp/><sp/><sp/><ref refid="_node___l_b_8h_1a2622ffc1ccae57fbb68cd43d7138db52" kindref="member">NLB_print</ref>(listNB-&gt;<ref refid="struct_list___n_b_1af40d35eb8e194f27009a9909ab357d00" kindref="member">Start</ref>);</highlight></codeline>
<codeline lineno="65"><highlight class="normal"></highlight></codeline>
<codeline lineno="66"><highlight class="normal">}</highlight></codeline>
<codeline lineno="67"><highlight class="normal"></highlight></codeline>
<codeline lineno="68"><highlight class="normal"></highlight></codeline>
    </programlisting>
    <location file="D:/Descargas/EDA_II-main (2)/EDA_II-main/List_NB.h"/>
  </compounddef>
</doxygen>
