<?xml version='1.0' encoding='UTF-8' standalone='no'?>
<doxygen xmlns:xsi="http://www.w3.org/2001/XMLSchema-instance" xsi:noNamespaceSchemaLocation="compound.xsd" version="1.9.6" xml:lang="es">
  <compounddef id="_node___l_b_8h" kind="file" language="C++">
    <compoundname>Node_LB.h</compoundname>
    <includes local="no">stdio.h</includes>
    <includes local="no">stdlib.h</includes>
    <includes refid="_book_8h" local="yes">Book.h</includes>
    <includedby refid="_list___n_b_8h" local="yes">D:/Descargas/EDA_II-main (2)/EDA_II-main/List_NB.h</includedby>
    <incdepgraph>
      <node id="4">
        <label>Book.h</label>
        <link refid="_book_8h"/>
        <childnode refid="2" relation="include">
        </childnode>
        <childnode refid="3" relation="include">
        </childnode>
      </node>
      <node id="1">
        <label>D:/Descargas/EDA_II-main (2)/EDA_II-main/Node_LB.h</label>
        <link refid="_node___l_b_8h"/>
        <childnode refid="2" relation="include">
        </childnode>
        <childnode refid="3" relation="include">
        </childnode>
        <childnode refid="4" relation="include">
        </childnode>
      </node>
      <node id="2">
        <label>stdio.h</label>
      </node>
      <node id="3">
        <label>stdlib.h</label>
      </node>
    </incdepgraph>
    <invincdepgraph>
      <node id="4">
        <label>D:/Descargas/EDA_II-main (2)/EDA_II-main/Ele_List.h</label>
        <link refid="_ele___list_8h"/>
        <childnode refid="5" relation="include">
        </childnode>
      </node>
      <node id="5">
        <label>D:/Descargas/EDA_II-main (2)/EDA_II-main/Hash.h</label>
        <link refid="_hash_8h"/>
        <childnode refid="6" relation="include">
        </childnode>
      </node>
      <node id="6">
        <label>D:/Descargas/EDA_II-main (2)/EDA_II-main/Hash_P.h</label>
        <link refid="_hash___p_8h"/>
        <childnode refid="7" relation="include">
        </childnode>
      </node>
      <node id="7">
        <label>D:/Descargas/EDA_II-main (2)/EDA_II-main/Library.h</label>
        <link refid="_library_8h"/>
      </node>
      <node id="2">
        <label>D:/Descargas/EDA_II-main (2)/EDA_II-main/List_NB.h</label>
        <link refid="_list___n_b_8h"/>
        <childnode refid="3" relation="include">
        </childnode>
      </node>
      <node id="1">
        <label>D:/Descargas/EDA_II-main (2)/EDA_II-main/Node_LB.h</label>
        <link refid="_node___l_b_8h"/>
        <childnode refid="2" relation="include">
        </childnode>
      </node>
      <node id="3">
        <label>D:/Descargas/EDA_II-main (2)/EDA_II-main/Yaml_b.h</label>
        <link refid="_yaml__b_8h"/>
        <childnode refid="4" relation="include">
        </childnode>
      </node>
    </invincdepgraph>
    <innerclass refid="struct_node___l_b" prot="public">Node_LB</innerclass>
      <sectiondef kind="typedef">
      <memberdef kind="typedef" id="_node___l_b_8h_1ac3f34d1f6fd95618337d1aad7211e212" prot="public" static="no">
        <type>struct <ref refid="struct_node___l_b" kindref="compound">Node_LB</ref></type>
        <definition>typedef struct Node_LB NodeLB</definition>
        <argsstring></argsstring>
        <name>NodeLB</name>
        <briefdescription>
        </briefdescription>
        <detaileddescription>
        </detaileddescription>
        <inbodydescription>
        </inbodydescription>
        <location file="D:/Descargas/EDA_II-main (2)/EDA_II-main/Node_LB.h" line="12" column="8"/>
      </memberdef>
      </sectiondef>
      <sectiondef kind="func">
      <memberdef kind="function" id="_node___l_b_8h_1ac0906f3c354bdd6f4c5449822ec0c0ed" prot="public" static="no" const="no" explicit="no" inline="no" virt="non-virtual">
        <type><ref refid="_node___l_b_8h_1ac3f34d1f6fd95618337d1aad7211e212" kindref="member">NodeLB</ref> *</type>
        <definition>NodeLB * NLB_Create</definition>
        <argsstring>(char name[], char ctg[], char FN[], char LN[], int stock)</argsstring>
        <name>NLB_Create</name>
        <param>
          <type>char</type>
          <declname>name</declname>
          <array>[]</array>
        </param>
        <param>
          <type>char</type>
          <declname>ctg</declname>
          <array>[]</array>
        </param>
        <param>
          <type>char</type>
          <declname>FN</declname>
          <array>[]</array>
        </param>
        <param>
          <type>char</type>
          <declname>LN</declname>
          <array>[]</array>
        </param>
        <param>
          <type>int</type>
          <declname>stock</declname>
        </param>
        <briefdescription>
        </briefdescription>
        <detaileddescription>
        </detaileddescription>
        <inbodydescription>
        </inbodydescription>
        <location file="D:/Descargas/EDA_II-main (2)/EDA_II-main/Node_LB.h" line="14" column="8" bodyfile="D:/Descargas/EDA_II-main (2)/EDA_II-main/Node_LB.h" bodystart="14" bodyend="31"/>
      </memberdef>
      <memberdef kind="function" id="_node___l_b_8h_1a2622ffc1ccae57fbb68cd43d7138db52" prot="public" static="no" const="no" explicit="no" inline="no" virt="non-virtual">
        <type>void</type>
        <definition>void NLB_print</definition>
        <argsstring>(NodeLB *n)</argsstring>
        <name>NLB_print</name>
        <param>
          <type><ref refid="_node___l_b_8h_1ac3f34d1f6fd95618337d1aad7211e212" kindref="member">NodeLB</ref> *</type>
          <declname>n</declname>
        </param>
        <briefdescription>
        </briefdescription>
        <detaileddescription>
        </detaileddescription>
        <inbodydescription>
        </inbodydescription>
        <location file="D:/Descargas/EDA_II-main (2)/EDA_II-main/Node_LB.h" line="33" column="6" bodyfile="D:/Descargas/EDA_II-main (2)/EDA_II-main/Node_LB.h" bodystart="33" bodyend="44"/>
      </memberdef>
      </sectiondef>
    <briefdescription>
    </briefdescription>
    <detaileddescription>
    </detaileddescription>
    <programlisting>
<codeline lineno="1"><highlight class="preprocessor">#include<sp/>&lt;stdio.h&gt;</highlight><highlight class="normal"></highlight></codeline>
<codeline lineno="2"><highlight class="normal"></highlight><highlight class="preprocessor">#include<sp/>&lt;stdlib.h&gt;</highlight><highlight class="normal"></highlight></codeline>
<codeline lineno="3"><highlight class="normal"></highlight></codeline>
<codeline lineno="4"><highlight class="normal"></highlight><highlight class="preprocessor">#include<sp/>&quot;<ref refid="_book_8h" kindref="compound">Book.h</ref>&quot;</highlight><highlight class="normal"></highlight></codeline>
<codeline lineno="5"><highlight class="normal"></highlight></codeline>
<codeline lineno="6" refid="struct_node___l_b" refkind="compound"><highlight class="normal"></highlight><highlight class="keyword">typedef</highlight><highlight class="normal"><sp/></highlight><highlight class="keyword">struct<sp/></highlight><highlight class="normal"><ref refid="struct_node___l_b" kindref="compound">Node_LB</ref>{</highlight></codeline>
<codeline lineno="7"><highlight class="normal"></highlight></codeline>
<codeline lineno="8" refid="struct_node___l_b_1a317ac738668f4c8da0fa3d660bffca81" refkind="member"><highlight class="normal"><sp/><sp/><sp/><sp/><ref refid="struct_book" kindref="compound">Book</ref>*<sp/><ref refid="struct_node___l_b_1a317ac738668f4c8da0fa3d660bffca81" kindref="member">book</ref>;</highlight></codeline>
<codeline lineno="9" refid="struct_node___l_b_1abbad42537a1a5c18feb777396d06000a" refkind="member"><highlight class="normal"><sp/><sp/><sp/><sp/></highlight><highlight class="keyword">struct<sp/></highlight><highlight class="normal"><ref refid="struct_node___l_b" kindref="compound">Node_LB</ref>*<sp/><ref refid="struct_node___l_b_1abbad42537a1a5c18feb777396d06000a" kindref="member">next</ref>;</highlight></codeline>
<codeline lineno="10" refid="struct_node___l_b_1a6a78996c93a5fe7dbc34b17ac2987f9d" refkind="member"><highlight class="normal"><sp/><sp/><sp/><sp/></highlight><highlight class="keyword">struct<sp/></highlight><highlight class="normal"><ref refid="struct_node___l_b" kindref="compound">Node_LB</ref>*<sp/><ref refid="struct_node___l_b_1a6a78996c93a5fe7dbc34b17ac2987f9d" kindref="member">prev</ref>;</highlight></codeline>
<codeline lineno="11"><highlight class="normal"></highlight></codeline>
<codeline lineno="12" refid="_node___l_b_8h_1ac3f34d1f6fd95618337d1aad7211e212" refkind="member"><highlight class="normal">}<sp/><ref refid="_node___l_b_8h_1ac3f34d1f6fd95618337d1aad7211e212" kindref="member">NodeLB</ref>;</highlight></codeline>
<codeline lineno="13"><highlight class="normal"></highlight></codeline>
<codeline lineno="14" refid="_node___l_b_8h_1ac0906f3c354bdd6f4c5449822ec0c0ed" refkind="member"><highlight class="normal"><ref refid="struct_node___l_b" kindref="compound">NodeLB</ref>*<sp/><ref refid="_node___l_b_8h_1ac0906f3c354bdd6f4c5449822ec0c0ed" kindref="member">NLB_Create</ref>(</highlight><highlight class="keywordtype">char</highlight><highlight class="normal"><sp/>name[],<sp/></highlight><highlight class="keywordtype">char</highlight><highlight class="normal"><sp/>ctg[],<sp/></highlight><highlight class="keywordtype">char</highlight><highlight class="normal"><sp/>FN[],<sp/></highlight><highlight class="keywordtype">char</highlight><highlight class="normal"><sp/>LN[],<sp/></highlight><highlight class="keywordtype">int</highlight><highlight class="normal"><sp/>stock)</highlight></codeline>
<codeline lineno="15"><highlight class="normal">{</highlight></codeline>
<codeline lineno="16"><highlight class="normal"><sp/><sp/><sp/><sp/><ref refid="struct_node___l_b" kindref="compound">NodeLB</ref>*<sp/>nlb<sp/>=<sp/>(<ref refid="struct_node___l_b" kindref="compound">NodeLB</ref>*)<sp/>malloc(</highlight><highlight class="keyword">sizeof</highlight><highlight class="normal">(<ref refid="struct_node___l_b" kindref="compound">NodeLB</ref>));</highlight></codeline>
<codeline lineno="17"><highlight class="normal"></highlight></codeline>
<codeline lineno="18"><highlight class="normal"><sp/><sp/><sp/><sp/></highlight><highlight class="keywordflow">if</highlight><highlight class="normal">(nlb<sp/>!=<sp/>NULL){</highlight></codeline>
<codeline lineno="19"><highlight class="normal"><sp/><sp/><sp/><sp/><sp/><sp/><sp/><sp/><ref refid="struct_book" kindref="compound">Book</ref>*<sp/>b<sp/>=<sp/><ref refid="_book_8h_1a287da8cbd9cdd6a1969cc0495bc3cd69" kindref="member">Book_Create</ref>(name,ctg,FN,LN,stock);</highlight></codeline>
<codeline lineno="20"><highlight class="normal"><sp/><sp/><sp/><sp/><sp/><sp/><sp/><sp/></highlight><highlight class="keywordflow">if</highlight><highlight class="normal">(b!=<sp/>NULL){</highlight></codeline>
<codeline lineno="21"><highlight class="normal"><sp/><sp/><sp/><sp/><sp/><sp/><sp/><sp/><sp/><sp/><sp/><sp/>nlb-&gt;<ref refid="struct_node___l_b_1a317ac738668f4c8da0fa3d660bffca81" kindref="member">book</ref><sp/>=<sp/>b;</highlight></codeline>
<codeline lineno="22"><highlight class="normal"><sp/><sp/><sp/><sp/><sp/><sp/><sp/><sp/>}</highlight><highlight class="keywordflow">else</highlight><highlight class="normal">{</highlight></codeline>
<codeline lineno="23"><highlight class="normal"><sp/><sp/><sp/><sp/><sp/><sp/><sp/><sp/><sp/><sp/><sp/><sp/>printf(</highlight><highlight class="stringliteral">&quot;error<sp/>con<sp/>el<sp/>libro&quot;</highlight><highlight class="normal">);</highlight></codeline>
<codeline lineno="24"><highlight class="normal"><sp/><sp/><sp/><sp/><sp/><sp/><sp/><sp/>}</highlight></codeline>
<codeline lineno="25"><highlight class="normal"><sp/><sp/><sp/><sp/>}</highlight></codeline>
<codeline lineno="26"><highlight class="normal"></highlight></codeline>
<codeline lineno="27"><highlight class="normal"><sp/><sp/><sp/><sp/>nlb<sp/>-&gt;<sp/><ref refid="struct_node___l_b_1abbad42537a1a5c18feb777396d06000a" kindref="member">next</ref><sp/>=<sp/>NULL;</highlight></codeline>
<codeline lineno="28"><highlight class="normal"><sp/><sp/><sp/><sp/>nlb<sp/>-&gt;<sp/><ref refid="struct_node___l_b_1a6a78996c93a5fe7dbc34b17ac2987f9d" kindref="member">prev</ref><sp/>=<sp/>NULL;</highlight></codeline>
<codeline lineno="29"><highlight class="normal"></highlight></codeline>
<codeline lineno="30"><highlight class="normal"><sp/><sp/><sp/><sp/></highlight><highlight class="keywordflow">return</highlight><highlight class="normal"><sp/>nlb;</highlight></codeline>
<codeline lineno="31"><highlight class="normal">}</highlight></codeline>
<codeline lineno="32"><highlight class="normal"></highlight></codeline>
<codeline lineno="33" refid="_node___l_b_8h_1a2622ffc1ccae57fbb68cd43d7138db52" refkind="member"><highlight class="normal"></highlight><highlight class="keywordtype">void</highlight><highlight class="normal"><sp/><ref refid="_node___l_b_8h_1a2622ffc1ccae57fbb68cd43d7138db52" kindref="member">NLB_print</ref>(<ref refid="struct_node___l_b" kindref="compound">NodeLB</ref>*<sp/>n){</highlight></codeline>
<codeline lineno="34"><highlight class="normal"><sp/><sp/><sp/><sp/>printf(</highlight><highlight class="stringliteral">&quot;%s<sp/>-<sp/>&quot;</highlight><highlight class="normal">,<sp/>n-&gt;<ref refid="struct_node___l_b_1a317ac738668f4c8da0fa3d660bffca81" kindref="member">book</ref>-&gt;<ref refid="struct_book_1a5e6182c030324511dd82e9fa1a0ab071" kindref="member">Name</ref>);</highlight></codeline>
<codeline lineno="35"><highlight class="normal"><sp/><sp/><sp/><sp/>printf(</highlight><highlight class="stringliteral">&quot;%s<sp/>-<sp/>&quot;</highlight><highlight class="normal">,<sp/>n-&gt;<ref refid="struct_node___l_b_1a317ac738668f4c8da0fa3d660bffca81" kindref="member">book</ref>-&gt;<ref refid="struct_book_1a666df14acddd22585b7ca23d20258987" kindref="member">Category</ref>);</highlight></codeline>
<codeline lineno="36"><highlight class="normal"><sp/><sp/><sp/><sp/>printf(</highlight><highlight class="stringliteral">&quot;%s<sp/>-<sp/>&quot;</highlight><highlight class="normal">,<sp/>n-&gt;<ref refid="struct_node___l_b_1a317ac738668f4c8da0fa3d660bffca81" kindref="member">book</ref>-&gt;<ref refid="struct_book_1a6da5e01471d2fc3e8a2e2104ed57cabc" kindref="member">F_name</ref>);</highlight></codeline>
<codeline lineno="37"><highlight class="normal"><sp/><sp/><sp/><sp/>printf(</highlight><highlight class="stringliteral">&quot;%s<sp/>-<sp/>&quot;</highlight><highlight class="normal">,<sp/>n-&gt;<ref refid="struct_node___l_b_1a317ac738668f4c8da0fa3d660bffca81" kindref="member">book</ref>-&gt;<ref refid="struct_book_1a1de8f37caa7fd5e125c58830179d8d76" kindref="member">L_name</ref>);</highlight></codeline>
<codeline lineno="38"><highlight class="normal"><sp/><sp/><sp/><sp/>printf(</highlight><highlight class="stringliteral">&quot;%d\n&quot;</highlight><highlight class="normal">,<sp/>n-&gt;<ref refid="struct_node___l_b_1a317ac738668f4c8da0fa3d660bffca81" kindref="member">book</ref>-&gt;<ref refid="struct_book_1a9f6b1d8f565c649873cd57896391b2aa" kindref="member">stock</ref>);</highlight></codeline>
<codeline lineno="39"><highlight class="normal"></highlight></codeline>
<codeline lineno="40"><highlight class="normal"><sp/><sp/><sp/><sp/></highlight><highlight class="keywordflow">if</highlight><highlight class="normal">(n-&gt;<ref refid="struct_node___l_b_1abbad42537a1a5c18feb777396d06000a" kindref="member">next</ref><sp/>!=<sp/>NULL){</highlight></codeline>
<codeline lineno="41"><highlight class="normal"><sp/><sp/><sp/><sp/><sp/><sp/><sp/><sp/><ref refid="_node___l_b_8h_1a2622ffc1ccae57fbb68cd43d7138db52" kindref="member">NLB_print</ref>(n-&gt;<ref refid="struct_node___l_b_1abbad42537a1a5c18feb777396d06000a" kindref="member">next</ref>);</highlight></codeline>
<codeline lineno="42"><highlight class="normal"><sp/><sp/><sp/><sp/>}</highlight></codeline>
<codeline lineno="43"><highlight class="normal"></highlight></codeline>
<codeline lineno="44"><highlight class="normal">}</highlight></codeline>
    </programlisting>
    <location file="D:/Descargas/EDA_II-main (2)/EDA_II-main/Node_LB.h"/>
  </compounddef>
</doxygen>
