<?xml version='1.0' encoding='UTF-8' standalone='no'?>
<doxygen xmlns:xsi="http://www.w3.org/2001/XMLSchema-instance" xsi:noNamespaceSchemaLocation="compound.xsd" version="1.9.6" xml:lang="es">
  <compounddef id="_yaml__b_8h" kind="file" language="C++">
    <compoundname>Yaml_b.h</compoundname>
    <includes local="no">stdio.h</includes>
    <includes local="no">stdbool.h</includes>
    <includes refid="_list___n_b_8h" local="yes">List_NB.h</includes>
    <includedby refid="_ele___list_8h" local="yes">D:/Descargas/EDA_II-main (2)/EDA_II-main/Ele_List.h</includedby>
    <incdepgraph>
      <node id="7">
        <label>Book.h</label>
        <link refid="_book_8h"/>
        <childnode refid="2" relation="include">
        </childnode>
        <childnode refid="5" relation="include">
        </childnode>
      </node>
      <node id="4">
        <label>List_NB.h</label>
        <link refid="_list___n_b_8h"/>
        <childnode refid="2" relation="include">
        </childnode>
        <childnode refid="5" relation="include">
        </childnode>
        <childnode refid="6" relation="include">
        </childnode>
      </node>
      <node id="6">
        <label>Node_LB.h</label>
        <link refid="_node___l_b_8h"/>
        <childnode refid="2" relation="include">
        </childnode>
        <childnode refid="5" relation="include">
        </childnode>
        <childnode refid="7" relation="include">
        </childnode>
      </node>
      <node id="1">
        <label>D:/Descargas/EDA_II-main (2)/EDA_II-main/Yaml_b.h</label>
        <link refid="_yaml__b_8h"/>
        <childnode refid="2" relation="include">
        </childnode>
        <childnode refid="3" relation="include">
        </childnode>
        <childnode refid="4" relation="include">
        </childnode>
      </node>
      <node id="3">
        <label>stdbool.h</label>
      </node>
      <node id="2">
        <label>stdio.h</label>
      </node>
      <node id="5">
        <label>stdlib.h</label>
      </node>
    </incdepgraph>
    <invincdepgraph>
      <node id="2">
        <label>D:/Descargas/EDA_II-main (2)/EDA_II-main/Ele_List.h</label>
        <link refid="_ele___list_8h"/>
        <childnode refid="3" relation="include">
        </childnode>
      </node>
      <node id="3">
        <label>D:/Descargas/EDA_II-main (2)/EDA_II-main/Hash.h</label>
        <link refid="_hash_8h"/>
        <childnode refid="4" relation="include">
        </childnode>
      </node>
      <node id="4">
        <label>D:/Descargas/EDA_II-main (2)/EDA_II-main/Hash_P.h</label>
        <link refid="_hash___p_8h"/>
        <childnode refid="5" relation="include">
        </childnode>
      </node>
      <node id="5">
        <label>D:/Descargas/EDA_II-main (2)/EDA_II-main/Library.h</label>
        <link refid="_library_8h"/>
      </node>
      <node id="1">
        <label>D:/Descargas/EDA_II-main (2)/EDA_II-main/Yaml_b.h</label>
        <link refid="_yaml__b_8h"/>
        <childnode refid="2" relation="include">
        </childnode>
      </node>
    </invincdepgraph>
      <sectiondef kind="func">
      <memberdef kind="function" id="_yaml__b_8h_1a81391539072b9bcf9a448b743480a6fe" prot="public" static="no" const="no" explicit="no" inline="no" virt="non-virtual">
        <type>void</type>
        <definition>void YamlB_serialize</definition>
        <argsstring>(ListNB *lnb)</argsstring>
        <name>YamlB_serialize</name>
        <param>
          <type><ref refid="_list___n_b_8h_1aa0838f7fb2a8bb272faf71ac340ec705" kindref="member">ListNB</ref> *</type>
          <declname>lnb</declname>
        </param>
        <briefdescription>
        </briefdescription>
        <detaileddescription>
        </detaileddescription>
        <inbodydescription>
        </inbodydescription>
        <location file="D:/Descargas/EDA_II-main (2)/EDA_II-main/Yaml_b.h" line="6" column="6" bodyfile="D:/Descargas/EDA_II-main (2)/EDA_II-main/Yaml_b.h" bodystart="6" bodyend="25"/>
      </memberdef>
      <memberdef kind="function" id="_yaml__b_8h_1a214c5a6fbc47e0a1bbe8dbe9cad8dcab" prot="public" static="no" const="no" explicit="no" inline="no" virt="non-virtual">
        <type><ref refid="_list___n_b_8h_1aa0838f7fb2a8bb272faf71ac340ec705" kindref="member">ListNB</ref> *</type>
        <definition>ListNB * YamlB_unSerialize</definition>
        <argsstring>()</argsstring>
        <name>YamlB_unSerialize</name>
        <briefdescription>
        </briefdescription>
        <detaileddescription>
        </detaileddescription>
        <inbodydescription>
        </inbodydescription>
        <location file="D:/Descargas/EDA_II-main (2)/EDA_II-main/Yaml_b.h" line="27" column="8" bodyfile="D:/Descargas/EDA_II-main (2)/EDA_II-main/Yaml_b.h" bodystart="27" bodyend="64"/>
      </memberdef>
      </sectiondef>
    <briefdescription>
    </briefdescription>
    <detaileddescription>
    </detaileddescription>
    <programlisting>
<codeline lineno="1"><highlight class="preprocessor">#include<sp/>&lt;stdio.h&gt;</highlight><highlight class="normal"></highlight></codeline>
<codeline lineno="2"><highlight class="normal"></highlight><highlight class="preprocessor">#include<sp/>&lt;stdbool.h&gt;</highlight><highlight class="normal"></highlight></codeline>
<codeline lineno="3"><highlight class="normal"></highlight></codeline>
<codeline lineno="4"><highlight class="normal"></highlight><highlight class="preprocessor">#include<sp/>&quot;<ref refid="_list___n_b_8h" kindref="compound">List_NB.h</ref>&quot;</highlight><highlight class="normal"></highlight></codeline>
<codeline lineno="5"><highlight class="normal"></highlight></codeline>
<codeline lineno="6" refid="_yaml__b_8h_1a81391539072b9bcf9a448b743480a6fe" refkind="member"><highlight class="normal"></highlight><highlight class="keywordtype">void</highlight><highlight class="normal"><sp/><ref refid="_yaml__b_8h_1a81391539072b9bcf9a448b743480a6fe" kindref="member">YamlB_serialize</ref>(<ref refid="struct_list___n_b" kindref="compound">ListNB</ref>*<sp/>lnb){</highlight></codeline>
<codeline lineno="7"><highlight class="normal"></highlight></codeline>
<codeline lineno="8"><highlight class="normal"><sp/><sp/><sp/><sp/><ref refid="struct_node___l_b" kindref="compound">NodeLB</ref>*<sp/>n;</highlight></codeline>
<codeline lineno="9"><highlight class="normal"><sp/><sp/><sp/><sp/></highlight><highlight class="keywordtype">int</highlight><highlight class="normal"><sp/>cont<sp/>=<sp/>0;</highlight></codeline>
<codeline lineno="10"><highlight class="normal"></highlight></codeline>
<codeline lineno="11"><highlight class="normal"><sp/><sp/><sp/><sp/>FILE*<sp/>output<sp/>=<sp/>fopen(</highlight><highlight class="stringliteral">&quot;Data/List_Books.yml&quot;</highlight><highlight class="normal">,<sp/></highlight><highlight class="stringliteral">&quot;w&quot;</highlight><highlight class="normal">);</highlight></codeline>
<codeline lineno="12"><highlight class="normal"><sp/><sp/><sp/><sp/>fprintf(output,<sp/></highlight><highlight class="stringliteral">&quot;---\n&quot;</highlight><highlight class="normal">);</highlight></codeline>
<codeline lineno="13"><highlight class="normal"></highlight></codeline>
<codeline lineno="14"><highlight class="normal"><sp/><sp/><sp/><sp/>n<sp/>=<sp/>lnb-&gt;<ref refid="struct_list___n_b_1af40d35eb8e194f27009a9909ab357d00" kindref="member">Start</ref>;</highlight></codeline>
<codeline lineno="15"><highlight class="normal"></highlight></codeline>
<codeline lineno="16"><highlight class="normal"><sp/><sp/><sp/><sp/></highlight><highlight class="keywordflow">while</highlight><highlight class="normal">(n!=NULL){</highlight></codeline>
<codeline lineno="17"><highlight class="normal"><sp/><sp/><sp/><sp/><sp/><sp/><sp/><sp/>cont++;</highlight></codeline>
<codeline lineno="18"><highlight class="normal"><sp/><sp/><sp/><sp/><sp/><sp/><sp/><sp/>n<sp/>=<sp/>n-&gt;<ref refid="struct_node___l_b_1abbad42537a1a5c18feb777396d06000a" kindref="member">next</ref>;</highlight></codeline>
<codeline lineno="19"><highlight class="normal"><sp/><sp/><sp/><sp/>}</highlight></codeline>
<codeline lineno="20"><highlight class="normal"></highlight></codeline>
<codeline lineno="21"><highlight class="normal"><sp/><sp/><sp/><sp/>fprintf(output,<sp/></highlight><highlight class="stringliteral">&quot;...&quot;</highlight><highlight class="normal">);</highlight></codeline>
<codeline lineno="22"><highlight class="normal"></highlight></codeline>
<codeline lineno="23"><highlight class="normal"><sp/><sp/><sp/><sp/>fclose(output);</highlight></codeline>
<codeline lineno="24"><highlight class="normal"></highlight></codeline>
<codeline lineno="25"><highlight class="normal">}</highlight></codeline>
<codeline lineno="26"><highlight class="normal"></highlight></codeline>
<codeline lineno="27" refid="_yaml__b_8h_1a214c5a6fbc47e0a1bbe8dbe9cad8dcab" refkind="member"><highlight class="normal"><ref refid="struct_list___n_b" kindref="compound">ListNB</ref>*<sp/><ref refid="_yaml__b_8h_1a214c5a6fbc47e0a1bbe8dbe9cad8dcab" kindref="member">YamlB_unSerialize</ref>(){</highlight></codeline>
<codeline lineno="28"><highlight class="normal"></highlight></codeline>
<codeline lineno="29"><highlight class="normal"><sp/><sp/><sp/><sp/><ref refid="struct_list___n_b" kindref="compound">ListNB</ref>*<sp/>lnb<sp/>=<sp/><ref refid="_list___n_b_8h_1aa15e88906b119eb765e9f7a174a3bc25" kindref="member">LNB_create</ref>();</highlight></codeline>
<codeline lineno="30"><highlight class="normal"><sp/><sp/><sp/><sp/></highlight><highlight class="keywordtype">int</highlight><highlight class="normal"><sp/>cont<sp/>=<sp/>0;</highlight></codeline>
<codeline lineno="31"><highlight class="normal"><sp/><sp/><sp/><sp/></highlight><highlight class="keywordtype">char</highlight><highlight class="normal"><sp/>line[100],<sp/>name[30],<sp/>ctg[20],<sp/>fn[15],<sp/>ln[15],<sp/>stock[3];</highlight></codeline>
<codeline lineno="32"><highlight class="normal"></highlight></codeline>
<codeline lineno="33"><highlight class="normal"><sp/><sp/><sp/><sp/>FILE*<sp/>input<sp/>=<sp/>fopen(</highlight><highlight class="stringliteral">&quot;Data/List_Books.yml&quot;</highlight><highlight class="normal">,<sp/></highlight><highlight class="stringliteral">&quot;r&quot;</highlight><highlight class="normal">);</highlight></codeline>
<codeline lineno="34"><highlight class="normal"></highlight></codeline>
<codeline lineno="35"><highlight class="normal"><sp/><sp/><sp/><sp/>fgets(line,100,input);</highlight></codeline>
<codeline lineno="36"><highlight class="normal"></highlight></codeline>
<codeline lineno="37"><highlight class="normal"><sp/><sp/><sp/><sp/></highlight><highlight class="keywordflow">while</highlight><highlight class="normal">(cont<sp/>&lt;<sp/>5){</highlight></codeline>
<codeline lineno="38"><highlight class="normal"></highlight></codeline>
<codeline lineno="39"><highlight class="normal"><sp/><sp/><sp/><sp/><sp/><sp/><sp/><sp/>fgets(line,100,input);</highlight></codeline>
<codeline lineno="40"><highlight class="normal"><sp/><sp/><sp/><sp/><sp/><sp/><sp/><sp/>strncpy(name,line,strlen(line)-1);</highlight></codeline>
<codeline lineno="41"><highlight class="normal"></highlight></codeline>
<codeline lineno="42"><highlight class="normal"><sp/><sp/><sp/><sp/><sp/><sp/><sp/><sp/>fgets(line,100,input);</highlight></codeline>
<codeline lineno="43"><highlight class="normal"><sp/><sp/><sp/><sp/><sp/><sp/><sp/><sp/>strncpy(ctg,line+10,strlen(line)-1);</highlight></codeline>
<codeline lineno="44"><highlight class="normal"></highlight></codeline>
<codeline lineno="45"><highlight class="normal"><sp/><sp/><sp/><sp/><sp/><sp/><sp/><sp/>fgets(line,100,input);</highlight></codeline>
<codeline lineno="46"><highlight class="normal"><sp/><sp/><sp/><sp/><sp/><sp/><sp/><sp/>strncpy(fn,line+10,strlen(line)-1);</highlight></codeline>
<codeline lineno="47"><highlight class="normal"></highlight></codeline>
<codeline lineno="48"><highlight class="normal"><sp/><sp/><sp/><sp/><sp/><sp/><sp/><sp/>fgets(line,100,input);</highlight></codeline>
<codeline lineno="49"><highlight class="normal"><sp/><sp/><sp/><sp/><sp/><sp/><sp/><sp/>strncpy(ln,line+12,strlen(line)-1);</highlight></codeline>
<codeline lineno="50"><highlight class="normal"></highlight></codeline>
<codeline lineno="51"><highlight class="normal"><sp/><sp/><sp/><sp/><sp/><sp/><sp/><sp/>fgets(line,100,input);</highlight></codeline>
<codeline lineno="52"><highlight class="normal"><sp/><sp/><sp/><sp/><sp/><sp/><sp/><sp/>strncpy(stock,line+9,strlen(line)-1);</highlight></codeline>
<codeline lineno="53"><highlight class="normal"></highlight></codeline>
<codeline lineno="54"><highlight class="normal"><sp/><sp/><sp/><sp/><sp/><sp/><sp/><sp/>fgets(line,100,input);</highlight></codeline>
<codeline lineno="55"><highlight class="normal"></highlight></codeline>
<codeline lineno="56"><highlight class="normal"><sp/><sp/><sp/><sp/><sp/><sp/><sp/><sp/><ref refid="_list___n_b_8h_1ad1dc4d07813def96a101a032f3ad0973" kindref="member">LNB_add</ref>(lnb,name,ctg,fn,ln,stock);</highlight></codeline>
<codeline lineno="57"><highlight class="normal"><sp/><sp/><sp/><sp/><sp/><sp/><sp/><sp/>cont++;</highlight></codeline>
<codeline lineno="58"><highlight class="normal"><sp/><sp/><sp/><sp/>}</highlight></codeline>
<codeline lineno="59"><highlight class="normal"></highlight></codeline>
<codeline lineno="60"><highlight class="normal"><sp/><sp/><sp/><sp/>fclose(input);</highlight></codeline>
<codeline lineno="61"><highlight class="normal"></highlight></codeline>
<codeline lineno="62"><highlight class="normal"><sp/><sp/><sp/><sp/></highlight><highlight class="keywordflow">return</highlight><highlight class="normal"><sp/>lnb;</highlight></codeline>
<codeline lineno="63"><highlight class="normal"></highlight></codeline>
<codeline lineno="64"><highlight class="normal">}</highlight></codeline>
    </programlisting>
    <location file="D:/Descargas/EDA_II-main (2)/EDA_II-main/Yaml_b.h"/>
  </compounddef>
</doxygen>
