<?xml version='1.0' encoding='UTF-8' standalone='no'?>
<doxygen xmlns:xsi="http://www.w3.org/2001/XMLSchema-instance" xsi:noNamespaceSchemaLocation="compound.xsd" version="1.9.6" xml:lang="es">
  <compounddef id="dir_275089585c7fc1b5fd5d7d42c69cb1da" kind="dir">
    <compoundname>D:</compoundname>
    <innerdir refid="dir_b89c94930cad05cfd2a308406308d871">D:/Descargas</innerdir>
    <briefdescription>
    </briefdescription>
    <detaileddescription>
    </detaileddescription>
    <location file="D:/"/>
  </compounddef>
</doxygen>
