<?xml version='1.0' encoding='UTF-8' standalone='no'?>
<doxygen xmlns:xsi="http://www.w3.org/2001/XMLSchema-instance" xsi:noNamespaceSchemaLocation="compound.xsd" version="1.9.6" xml:lang="es">
  <compounddef id="dir_99e8dc94c483f426059e584106bd8e84" kind="dir">
    <compoundname>D:/Descargas/EDA_II-main (2)/EDA_II-main</compoundname>
    <innerfile refid="_book_8h">Book.h</innerfile>
    <innerfile refid="_ele___list_8h">Ele_List.h</innerfile>
    <innerfile refid="_hash_8h">Hash.h</innerfile>
    <innerfile refid="_hash___p_8h">Hash_P.h</innerfile>
    <innerfile refid="_library_8h">Library.h</innerfile>
    <innerfile refid="_list___n_b_8h">List_NB.h</innerfile>
    <innerfile refid="main_8c">main.c</innerfile>
    <innerfile refid="_node___l_b_8h">Node_LB.h</innerfile>
    <innerfile refid="_yaml__b_8h">Yaml_b.h</innerfile>
    <briefdescription>
    </briefdescription>
    <detaileddescription>
    </detaileddescription>
    <location file="D:/Descargas/EDA_II-main (2)/EDA_II-main/"/>
  </compounddef>
</doxygen>
