<?xml version='1.0' encoding='UTF-8' standalone='no'?>
<doxygen xmlns:xsi="http://www.w3.org/2001/XMLSchema-instance" xsi:noNamespaceSchemaLocation="compound.xsd" version="1.9.6" xml:lang="es">
  <compounddef id="dir_68ecede9b9b085f20b767dceceb73293" kind="dir">
    <compoundname>D:/Descargas/EDA_II-main (2)</compoundname>
    <innerdir refid="dir_99e8dc94c483f426059e584106bd8e84">D:/Descargas/EDA_II-main (2)/EDA_II-main</innerdir>
    <briefdescription>
    </briefdescription>
    <detaileddescription>
    </detaileddescription>
    <location file="D:/Descargas/EDA_II-main (2)/"/>
  </compounddef>
</doxygen>
