<?xml version='1.0' encoding='UTF-8' standalone='no'?>
<doxygen xmlns:xsi="http://www.w3.org/2001/XMLSchema-instance" xsi:noNamespaceSchemaLocation="compound.xsd" version="1.9.6" xml:lang="es">
  <compounddef id="dir_b89c94930cad05cfd2a308406308d871" kind="dir">
    <compoundname>D:/Descargas</compoundname>
    <innerdir refid="dir_68ecede9b9b085f20b767dceceb73293">D:/Descargas/EDA_II-main (2)</innerdir>
    <briefdescription>
    </briefdescription>
    <detaileddescription>
    </detaileddescription>
    <location file="D:/Descargas/"/>
  </compounddef>
</doxygen>
