<?xml version='1.0' encoding='UTF-8' standalone='no'?>
<doxygenindex xmlns:xsi="http://www.w3.org/2001/XMLSchema-instance" xsi:noNamespaceSchemaLocation="index.xsd" version="1.9.6" xml:lang="es">
  <compound refid="struct_book" kind="struct"><name>Book</name>
    <member refid="struct_book_1a5e6182c030324511dd82e9fa1a0ab071" kind="variable"><name>Name</name></member>
    <member refid="struct_book_1a666df14acddd22585b7ca23d20258987" kind="variable"><name>Category</name></member>
    <member refid="struct_book_1a6da5e01471d2fc3e8a2e2104ed57cabc" kind="variable"><name>F_name</name></member>
    <member refid="struct_book_1a1de8f37caa7fd5e125c58830179d8d76" kind="variable"><name>L_name</name></member>
    <member refid="struct_book_1a9f6b1d8f565c649873cd57896391b2aa" kind="variable"><name>stock</name></member>
  </compound>
  <compound refid="struct_ele__list" kind="struct"><name>Ele_list</name>
    <member refid="struct_ele__list_1a35af0be900467fedbb610bd6ea65ed78" kind="variable"><name>key</name></member>
    <member refid="struct_ele__list_1a4e9aec275e566b978a3ccb4e043d8c61" kind="variable"><name>value</name></member>
    <member refid="struct_ele__list_1a97ce12a175fe519d96f8add569c3eaee" kind="variable"><name>listNB</name></member>
  </compound>
  <compound refid="struct_hash___table" kind="struct"><name>Hash_Table</name>
    <member refid="struct_hash___table_1ab31a435b03aee340b9ee395c99a6ed0c" kind="variable"><name>elements</name></member>
    <member refid="struct_hash___table_1aae1b350eae86e23f7e3dfecc5edfd8e7" kind="variable"><name>Max_size</name></member>
    <member refid="struct_hash___table_1afed088663f8704004425cdae2120b9b3" kind="variable"><name>len</name></member>
  </compound>
  <compound refid="struct_library" kind="struct"><name>Library</name>
    <member refid="struct_library_1a713f83a5e3bb2f3d6e4ef4cbb29d6edf" kind="variable"><name>LNB</name></member>
    <member refid="struct_library_1a07fe6c4e40cf3c69cf3cfc2910795e2a" kind="variable"><name>PHT</name></member>
  </compound>
  <compound refid="struct_list___n_b" kind="struct"><name>List_NB</name>
    <member refid="struct_list___n_b_1af40d35eb8e194f27009a9909ab357d00" kind="variable"><name>Start</name></member>
    <member refid="struct_list___n_b_1a028fefcacd53fadd3edde5fd8596ad28" kind="variable"><name>Finish</name></member>
    <member refid="struct_list___n_b_1afed088663f8704004425cdae2120b9b3" kind="variable"><name>len</name></member>
  </compound>
  <compound refid="struct_node___l_b" kind="struct"><name>Node_LB</name>
    <member refid="struct_node___l_b_1a317ac738668f4c8da0fa3d660bffca81" kind="variable"><name>book</name></member>
    <member refid="struct_node___l_b_1abbad42537a1a5c18feb777396d06000a" kind="variable"><name>next</name></member>
    <member refid="struct_node___l_b_1a6a78996c93a5fe7dbc34b17ac2987f9d" kind="variable"><name>prev</name></member>
  </compound>
  <compound refid="struct_prime___hash" kind="struct"><name>Prime_Hash</name>
    <member refid="struct_prime___hash_1ad07fb0e70472adbed98223db83c6e502" kind="variable"><name>hash_T</name></member>
    <member refid="struct_prime___hash_1a480d48ea29a5b4704ceb2672b16596be" kind="variable"><name>hash_G</name></member>
    <member refid="struct_prime___hash_1a21d17219daf9977a2e505ee8a5f0e5fc" kind="variable"><name>hash_A</name></member>
  </compound>
  <compound refid="_book_8h" kind="file"><name>Book.h</name>
    <member refid="_book_8h_1a287da8cbd9cdd6a1969cc0495bc3cd69" kind="function"><name>Book_Create</name></member>
  </compound>
  <compound refid="_ele___list_8h" kind="file"><name>Ele_List.h</name>
    <member refid="_ele___list_8h_1a7c790fa6c2116c5e21fba40f503c2298" kind="function"><name>ELT_Create</name></member>
    <member refid="_ele___list_8h_1a8f16f47435b02f7cddaa070204b4d9a8" kind="function"><name>ELT_add</name></member>
  </compound>
  <compound refid="_hash_8h" kind="file"><name>Hash.h</name>
    <member refid="_hash_8h_1aac5da03f6196ca94cefd1e4253a278b5" kind="define"><name>MAX_SIZE_L</name></member>
    <member refid="_hash_8h_1a6c3fea4f731a3e770a8998b626e16589" kind="define"><name>MAX_SIZE_G</name></member>
    <member refid="_hash_8h_1ad2bcaeb0900e72b3dc3be28584e14322" kind="function"><name>h_g</name></member>
    <member refid="_hash_8h_1a2b73a4e5f98f9aa8bfd1802ed1f84094" kind="function"><name>h_l</name></member>
    <member refid="_hash_8h_1a0fc4be4e3e4be619e6c2afaac279aa97" kind="function"><name>HTB_addElemnt</name></member>
    <member refid="_hash_8h_1a9ccdc4f0ef1b776ce43a31de62b2003f" kind="function"><name>HTB_setEltValues</name></member>
    <member refid="_hash_8h_1a337f716f0c5cfb7537741ab44af4b6af" kind="function"><name>HTB_Create</name></member>
  </compound>
  <compound refid="_hash___p_8h" kind="file"><name>Hash_P.h</name>
    <member refid="_hash___p_8h_1aac5da03f6196ca94cefd1e4253a278b5" kind="define"><name>MAX_SIZE_L</name></member>
    <member refid="_hash___p_8h_1a2ac0ad88e4a7ed032f326cc15a9afc58" kind="define"><name>MAx_SIZE_G</name></member>
    <member refid="_hash___p_8h_1a3dc2ec39fe333e209822e11293d3b1dc" kind="function"><name>String_getFirst</name></member>
    <member refid="_hash___p_8h_1a7c68dc0012abf7c42a73c4a491b57891" kind="function"><name>PHT_Create</name></member>
    <member refid="_hash___p_8h_1aeaf8d77e0b63f9ad90f0df98e773dbbd" kind="function"><name>PHT_add</name></member>
  </compound>
  <compound refid="_library_8h" kind="file"><name>Library.h</name>
    <member refid="_library_8h_1a448ec5e56af36b90ed7efa8c7eb831c7" kind="typedef"><name>Library</name></member>
    <member refid="_library_8h_1a041ced935cfbae5e8559394bc7415386" kind="function"><name>Lib_New</name></member>
    <member refid="_library_8h_1a6d42c01797dabf37303666d7569d08c5" kind="function"><name>Library_add_book</name></member>
    <member refid="_library_8h_1acd8ba2b3979bcc68ca0db80389456fd2" kind="function"><name>library_print_LNB</name></member>
    <member refid="_library_8h_1a1838d835a63b66cef8c6e88473288a53" kind="function"><name>Library_serialize</name></member>
    <member refid="_library_8h_1a375e8216f6c1fc0131569cbfc37a7a86" kind="function"><name>Library_unserialize</name></member>
  </compound>
  <compound refid="_list___n_b_8h" kind="file"><name>List_NB.h</name>
    <member refid="_list___n_b_8h_1aa0838f7fb2a8bb272faf71ac340ec705" kind="typedef"><name>ListNB</name></member>
    <member refid="_list___n_b_8h_1aa15e88906b119eb765e9f7a174a3bc25" kind="function"><name>LNB_create</name></member>
    <member refid="_list___n_b_8h_1a5249b093c35ec11210e088ba4cff4a0b" kind="function"><name>LNB_getLen</name></member>
    <member refid="_list___n_b_8h_1a6875c78597f3fcc8509e726fb7f7d074" kind="function"><name>LNB_setLen</name></member>
    <member refid="_list___n_b_8h_1ad1dc4d07813def96a101a032f3ad0973" kind="function"><name>LNB_add</name></member>
    <member refid="_list___n_b_8h_1aa3166d2e5368d1c02d046ed3733a61c3" kind="function"><name>LNB_print</name></member>
  </compound>
  <compound refid="main_8c" kind="file"><name>main.c</name>
    <member refid="main_8c_1ae66f6b31b5ad750f1fe042a706a4e3d4" kind="function"><name>main</name></member>
  </compound>
  <compound refid="_node___l_b_8h" kind="file"><name>Node_LB.h</name>
    <member refid="_node___l_b_8h_1ac3f34d1f6fd95618337d1aad7211e212" kind="typedef"><name>NodeLB</name></member>
    <member refid="_node___l_b_8h_1ac0906f3c354bdd6f4c5449822ec0c0ed" kind="function"><name>NLB_Create</name></member>
    <member refid="_node___l_b_8h_1a2622ffc1ccae57fbb68cd43d7138db52" kind="function"><name>NLB_print</name></member>
  </compound>
  <compound refid="_yaml__b_8h" kind="file"><name>Yaml_b.h</name>
    <member refid="_yaml__b_8h_1a81391539072b9bcf9a448b743480a6fe" kind="function"><name>YamlB_serialize</name></member>
    <member refid="_yaml__b_8h_1a214c5a6fbc47e0a1bbe8dbe9cad8dcab" kind="function"><name>YamlB_unSerialize</name></member>
  </compound>
  <compound refid="dir_275089585c7fc1b5fd5d7d42c69cb1da" kind="dir"><name>D:</name>
  </compound>
  <compound refid="dir_b89c94930cad05cfd2a308406308d871" kind="dir"><name>D:/Descargas</name>
  </compound>
  <compound refid="dir_99e8dc94c483f426059e584106bd8e84" kind="dir"><name>D:/Descargas/EDA_II-main (2)/EDA_II-main</name>
  </compound>
  <compound refid="dir_68ecede9b9b085f20b767dceceb73293" kind="dir"><name>D:/Descargas/EDA_II-main (2)</name>
  </compound>
</doxygenindex>
