<?xml version='1.0' encoding='UTF-8' standalone='no'?>
<doxygen xmlns:xsi="http://www.w3.org/2001/XMLSchema-instance" xsi:noNamespaceSchemaLocation="compound.xsd" version="1.9.6" xml:lang="es">
  <compounddef id="struct_node___l_b" kind="struct" language="C++" prot="public">
    <compoundname>Node_LB</compoundname>
    <includes refid="_node___l_b_8h" local="no">Node_LB.h</includes>
      <sectiondef kind="public-attrib">
      <memberdef kind="variable" id="struct_node___l_b_1a317ac738668f4c8da0fa3d660bffca81" prot="public" static="no" mutable="no">
        <type><ref refid="struct_book" kindref="compound">Book</ref> *</type>
        <definition>Book* book</definition>
        <argsstring></argsstring>
        <name>book</name>
        <qualifiedname>Node_LB::book</qualifiedname>
        <briefdescription>
        </briefdescription>
        <detaileddescription>
        </detaileddescription>
        <inbodydescription>
        </inbodydescription>
        <location file="D:/Descargas/EDA_II-main (2)/EDA_II-main/Node_LB.h" line="8" column="10" bodyfile="D:/Descargas/EDA_II-main (2)/EDA_II-main/Node_LB.h" bodystart="8" bodyend="-1"/>
      </memberdef>
      <memberdef kind="variable" id="struct_node___l_b_1abbad42537a1a5c18feb777396d06000a" prot="public" static="no" mutable="no">
        <type>struct <ref refid="struct_node___l_b" kindref="compound">Node_LB</ref> *</type>
        <definition>struct Node_LB* next</definition>
        <argsstring></argsstring>
        <name>next</name>
        <qualifiedname>Node_LB::next</qualifiedname>
        <briefdescription>
        </briefdescription>
        <detaileddescription>
        </detaileddescription>
        <inbodydescription>
        </inbodydescription>
        <location file="D:/Descargas/EDA_II-main (2)/EDA_II-main/Node_LB.h" line="9" column="19" bodyfile="D:/Descargas/EDA_II-main (2)/EDA_II-main/Node_LB.h" bodystart="9" bodyend="-1"/>
      </memberdef>
      <memberdef kind="variable" id="struct_node___l_b_1a6a78996c93a5fe7dbc34b17ac2987f9d" prot="public" static="no" mutable="no">
        <type>struct <ref refid="struct_node___l_b" kindref="compound">Node_LB</ref> *</type>
        <definition>struct Node_LB* prev</definition>
        <argsstring></argsstring>
        <name>prev</name>
        <qualifiedname>Node_LB::prev</qualifiedname>
        <briefdescription>
        </briefdescription>
        <detaileddescription>
        </detaileddescription>
        <inbodydescription>
        </inbodydescription>
        <location file="D:/Descargas/EDA_II-main (2)/EDA_II-main/Node_LB.h" line="10" column="19" bodyfile="D:/Descargas/EDA_II-main (2)/EDA_II-main/Node_LB.h" bodystart="10" bodyend="-1"/>
      </memberdef>
      </sectiondef>
    <briefdescription>
    </briefdescription>
    <detaileddescription>
    </detaileddescription>
    <collaborationgraph>
      <node id="2">
        <label>Book</label>
        <link refid="struct_book"/>
      </node>
      <node id="1">
        <label>Node_LB</label>
        <link refid="struct_node___l_b"/>
        <childnode refid="2" relation="usage">
          <edgelabel>book</edgelabel>
        </childnode>
        <childnode refid="1" relation="usage">
          <edgelabel>next</edgelabel>
          <edgelabel>prev</edgelabel>
        </childnode>
      </node>
    </collaborationgraph>
    <location file="D:/Descargas/EDA_II-main (2)/EDA_II-main/Node_LB.h" line="6" column="1" bodyfile="D:/Descargas/EDA_II-main (2)/EDA_II-main/Node_LB.h" bodystart="6" bodyend="12"/>
    <listofallmembers>
      <member refid="struct_node___l_b_1a317ac738668f4c8da0fa3d660bffca81" prot="public" virt="non-virtual"><scope>Node_LB</scope><name>book</name></member>
      <member refid="struct_node___l_b_1abbad42537a1a5c18feb777396d06000a" prot="public" virt="non-virtual"><scope>Node_LB</scope><name>next</name></member>
      <member refid="struct_node___l_b_1a6a78996c93a5fe7dbc34b17ac2987f9d" prot="public" virt="non-virtual"><scope>Node_LB</scope><name>prev</name></member>
    </listofallmembers>
  </compounddef>
</doxygen>
