<?xml version='1.0' encoding='UTF-8' standalone='no'?>
<doxygen xmlns:xsi="http://www.w3.org/2001/XMLSchema-instance" xsi:noNamespaceSchemaLocation="compound.xsd" version="1.9.6" xml:lang="es">
  <compounddef id="struct_library" kind="struct" language="C++" prot="public">
    <compoundname>Library</compoundname>
    <includes refid="_library_8h" local="no">Library.h</includes>
      <sectiondef kind="public-attrib">
      <memberdef kind="variable" id="struct_library_1a713f83a5e3bb2f3d6e4ef4cbb29d6edf" prot="public" static="no" mutable="no">
        <type>struct <ref refid="struct_list___n_b" kindref="compound">List_NB</ref> *</type>
        <definition>struct List_NB* LNB</definition>
        <argsstring></argsstring>
        <name>LNB</name>
        <qualifiedname>Library::LNB</qualifiedname>
        <briefdescription>
        </briefdescription>
        <detaileddescription>
        </detaileddescription>
        <inbodydescription>
        </inbodydescription>
        <location file="D:/Descargas/EDA_II-main (2)/EDA_II-main/Library.h" line="7" column="19" bodyfile="D:/Descargas/EDA_II-main (2)/EDA_II-main/Library.h" bodystart="7" bodyend="-1"/>
      </memberdef>
      <memberdef kind="variable" id="struct_library_1a07fe6c4e40cf3c69cf3cfc2910795e2a" prot="public" static="no" mutable="no">
        <type>struct <ref refid="struct_prime___hash" kindref="compound">Prime_Hash</ref> *</type>
        <definition>struct Prime_Hash* PHT</definition>
        <argsstring></argsstring>
        <name>PHT</name>
        <qualifiedname>Library::PHT</qualifiedname>
        <briefdescription>
        </briefdescription>
        <detaileddescription>
        </detaileddescription>
        <inbodydescription>
        </inbodydescription>
        <location file="D:/Descargas/EDA_II-main (2)/EDA_II-main/Library.h" line="8" column="22" bodyfile="D:/Descargas/EDA_II-main (2)/EDA_II-main/Library.h" bodystart="8" bodyend="-1"/>
      </memberdef>
      </sectiondef>
    <briefdescription>
    </briefdescription>
    <detaileddescription>
    </detaileddescription>
    <collaborationgraph>
      <node id="4">
        <label>Book</label>
        <link refid="struct_book"/>
      </node>
      <node id="7">
        <label>Ele_list</label>
        <link refid="struct_ele__list"/>
        <childnode refid="2" relation="usage">
          <edgelabel>listNB</edgelabel>
        </childnode>
      </node>
      <node id="6">
        <label>Hash_Table</label>
        <link refid="struct_hash___table"/>
        <childnode refid="7" relation="usage">
          <edgelabel>elements</edgelabel>
        </childnode>
      </node>
      <node id="1">
        <label>Library</label>
        <link refid="struct_library"/>
        <childnode refid="2" relation="usage">
          <edgelabel>LNB</edgelabel>
        </childnode>
        <childnode refid="5" relation="usage">
          <edgelabel>PHT</edgelabel>
        </childnode>
      </node>
      <node id="2">
        <label>List_NB</label>
        <link refid="struct_list___n_b"/>
        <childnode refid="3" relation="usage">
          <edgelabel>Finish</edgelabel>
          <edgelabel>Start</edgelabel>
        </childnode>
      </node>
      <node id="3">
        <label>Node_LB</label>
        <link refid="struct_node___l_b"/>
        <childnode refid="4" relation="usage">
          <edgelabel>book</edgelabel>
        </childnode>
        <childnode refid="3" relation="usage">
          <edgelabel>next</edgelabel>
          <edgelabel>prev</edgelabel>
        </childnode>
      </node>
      <node id="5">
        <label>Prime_Hash</label>
        <link refid="struct_prime___hash"/>
        <childnode refid="6" relation="usage">
          <edgelabel>hash_A</edgelabel>
          <edgelabel>hash_G</edgelabel>
          <edgelabel>hash_T</edgelabel>
        </childnode>
      </node>
    </collaborationgraph>
    <location file="D:/Descargas/EDA_II-main (2)/EDA_II-main/Library.h" line="5" column="1" bodyfile="D:/Descargas/EDA_II-main (2)/EDA_II-main/Library.h" bodystart="5" bodyend="9"/>
    <listofallmembers>
      <member refid="struct_library_1a713f83a5e3bb2f3d6e4ef4cbb29d6edf" prot="public" virt="non-virtual"><scope>Library</scope><name>LNB</name></member>
      <member refid="struct_library_1a07fe6c4e40cf3c69cf3cfc2910795e2a" prot="public" virt="non-virtual"><scope>Library</scope><name>PHT</name></member>
    </listofallmembers>
  </compounddef>
</doxygen>
