<?xml version='1.0' encoding='UTF-8' standalone='no'?>
<doxygen xmlns:xsi="http://www.w3.org/2001/XMLSchema-instance" xsi:noNamespaceSchemaLocation="compound.xsd" version="1.9.6" xml:lang="es">
  <compounddef id="struct_prime___hash" kind="struct" language="C++" prot="public">
    <compoundname>Prime_Hash</compoundname>
    <includes refid="_hash___p_8h" local="no">Hash_P.h</includes>
      <sectiondef kind="public-attrib">
      <memberdef kind="variable" id="struct_prime___hash_1ad07fb0e70472adbed98223db83c6e502" prot="public" static="no" mutable="no">
        <type><ref refid="struct_hash___table" kindref="compound">Hash_Table</ref> *</type>
        <definition>Hash_Table* hash_T</definition>
        <argsstring></argsstring>
        <name>hash_T</name>
        <qualifiedname>Prime_Hash::hash_T</qualifiedname>
        <briefdescription>
        </briefdescription>
        <detaileddescription>
        </detaileddescription>
        <inbodydescription>
        </inbodydescription>
        <location file="D:/Descargas/EDA_II-main (2)/EDA_II-main/Hash_P.h" line="12" column="16" bodyfile="D:/Descargas/EDA_II-main (2)/EDA_II-main/Hash_P.h" bodystart="12" bodyend="-1"/>
      </memberdef>
      <memberdef kind="variable" id="struct_prime___hash_1a480d48ea29a5b4704ceb2672b16596be" prot="public" static="no" mutable="no">
        <type><ref refid="struct_hash___table" kindref="compound">Hash_Table</ref> *</type>
        <definition>Hash_Table* hash_G</definition>
        <argsstring></argsstring>
        <name>hash_G</name>
        <qualifiedname>Prime_Hash::hash_G</qualifiedname>
        <briefdescription>
        </briefdescription>
        <detaileddescription>
        </detaileddescription>
        <inbodydescription>
        </inbodydescription>
        <location file="D:/Descargas/EDA_II-main (2)/EDA_II-main/Hash_P.h" line="13" column="16" bodyfile="D:/Descargas/EDA_II-main (2)/EDA_II-main/Hash_P.h" bodystart="13" bodyend="-1"/>
      </memberdef>
      <memberdef kind="variable" id="struct_prime___hash_1a21d17219daf9977a2e505ee8a5f0e5fc" prot="public" static="no" mutable="no">
        <type><ref refid="struct_hash___table" kindref="compound">Hash_Table</ref> *</type>
        <definition>Hash_Table* hash_A</definition>
        <argsstring></argsstring>
        <name>hash_A</name>
        <qualifiedname>Prime_Hash::hash_A</qualifiedname>
        <briefdescription>
        </briefdescription>
        <detaileddescription>
        </detaileddescription>
        <inbodydescription>
        </inbodydescription>
        <location file="D:/Descargas/EDA_II-main (2)/EDA_II-main/Hash_P.h" line="14" column="16" bodyfile="D:/Descargas/EDA_II-main (2)/EDA_II-main/Hash_P.h" bodystart="14" bodyend="-1"/>
      </memberdef>
      </sectiondef>
    <briefdescription>
    </briefdescription>
    <detaileddescription>
    </detaileddescription>
    <collaborationgraph>
      <node id="6">
        <label>Book</label>
        <link refid="struct_book"/>
      </node>
      <node id="3">
        <label>Ele_list</label>
        <link refid="struct_ele__list"/>
        <childnode refid="4" relation="usage">
          <edgelabel>listNB</edgelabel>
        </childnode>
      </node>
      <node id="2">
        <label>Hash_Table</label>
        <link refid="struct_hash___table"/>
        <childnode refid="3" relation="usage">
          <edgelabel>elements</edgelabel>
        </childnode>
      </node>
      <node id="4">
        <label>List_NB</label>
        <link refid="struct_list___n_b"/>
        <childnode refid="5" relation="usage">
          <edgelabel>Finish</edgelabel>
          <edgelabel>Start</edgelabel>
        </childnode>
      </node>
      <node id="5">
        <label>Node_LB</label>
        <link refid="struct_node___l_b"/>
        <childnode refid="6" relation="usage">
          <edgelabel>book</edgelabel>
        </childnode>
        <childnode refid="5" relation="usage">
          <edgelabel>next</edgelabel>
          <edgelabel>prev</edgelabel>
        </childnode>
      </node>
      <node id="1">
        <label>Prime_Hash</label>
        <link refid="struct_prime___hash"/>
        <childnode refid="2" relation="usage">
          <edgelabel>hash_A</edgelabel>
          <edgelabel>hash_G</edgelabel>
          <edgelabel>hash_T</edgelabel>
        </childnode>
      </node>
    </collaborationgraph>
    <location file="D:/Descargas/EDA_II-main (2)/EDA_II-main/Hash_P.h" line="10" column="1" bodyfile="D:/Descargas/EDA_II-main (2)/EDA_II-main/Hash_P.h" bodystart="10" bodyend="16"/>
    <listofallmembers>
      <member refid="struct_prime___hash_1a21d17219daf9977a2e505ee8a5f0e5fc" prot="public" virt="non-virtual"><scope>Prime_Hash</scope><name>hash_A</name></member>
      <member refid="struct_prime___hash_1a480d48ea29a5b4704ceb2672b16596be" prot="public" virt="non-virtual"><scope>Prime_Hash</scope><name>hash_G</name></member>
      <member refid="struct_prime___hash_1ad07fb0e70472adbed98223db83c6e502" prot="public" virt="non-virtual"><scope>Prime_Hash</scope><name>hash_T</name></member>
    </listofallmembers>
  </compounddef>
</doxygen>
