<?xml version='1.0' encoding='UTF-8' standalone='no'?>
<doxygen xmlns:xsi="http://www.w3.org/2001/XMLSchema-instance" xsi:noNamespaceSchemaLocation="compound.xsd" version="1.9.6" xml:lang="es">
  <compounddef id="struct_list___n_b" kind="struct" language="C++" prot="public">
    <compoundname>List_NB</compoundname>
    <includes refid="_list___n_b_8h" local="no">List_NB.h</includes>
      <sectiondef kind="public-attrib">
      <memberdef kind="variable" id="struct_list___n_b_1af40d35eb8e194f27009a9909ab357d00" prot="public" static="no" mutable="no">
        <type>struct <ref refid="struct_node___l_b" kindref="compound">Node_LB</ref> *</type>
        <definition>struct Node_LB* Start</definition>
        <argsstring></argsstring>
        <name>Start</name>
        <qualifiedname>List_NB::Start</qualifiedname>
        <briefdescription>
        </briefdescription>
        <detaileddescription>
        </detaileddescription>
        <inbodydescription>
        </inbodydescription>
        <location file="D:/Descargas/EDA_II-main (2)/EDA_II-main/List_NB.h" line="8" column="19" bodyfile="D:/Descargas/EDA_II-main (2)/EDA_II-main/List_NB.h" bodystart="8" bodyend="-1"/>
      </memberdef>
      <memberdef kind="variable" id="struct_list___n_b_1a028fefcacd53fadd3edde5fd8596ad28" prot="public" static="no" mutable="no">
        <type>struct <ref refid="struct_node___l_b" kindref="compound">Node_LB</ref> *</type>
        <definition>struct Node_LB* Finish</definition>
        <argsstring></argsstring>
        <name>Finish</name>
        <qualifiedname>List_NB::Finish</qualifiedname>
        <briefdescription>
        </briefdescription>
        <detaileddescription>
        </detaileddescription>
        <inbodydescription>
        </inbodydescription>
        <location file="D:/Descargas/EDA_II-main (2)/EDA_II-main/List_NB.h" line="9" column="19" bodyfile="D:/Descargas/EDA_II-main (2)/EDA_II-main/List_NB.h" bodystart="9" bodyend="-1"/>
      </memberdef>
      <memberdef kind="variable" id="struct_list___n_b_1afed088663f8704004425cdae2120b9b3" prot="public" static="no" mutable="no">
        <type>int</type>
        <definition>int len</definition>
        <argsstring></argsstring>
        <name>len</name>
        <qualifiedname>List_NB::len</qualifiedname>
        <briefdescription>
        </briefdescription>
        <detaileddescription>
        </detaileddescription>
        <inbodydescription>
        </inbodydescription>
        <location file="D:/Descargas/EDA_II-main (2)/EDA_II-main/List_NB.h" line="10" column="9" bodyfile="D:/Descargas/EDA_II-main (2)/EDA_II-main/List_NB.h" bodystart="10" bodyend="-1"/>
      </memberdef>
      </sectiondef>
    <briefdescription>
    </briefdescription>
    <detaileddescription>
    </detaileddescription>
    <collaborationgraph>
      <node id="3">
        <label>Book</label>
        <link refid="struct_book"/>
      </node>
      <node id="1">
        <label>List_NB</label>
        <link refid="struct_list___n_b"/>
        <childnode refid="2" relation="usage">
          <edgelabel>Finish</edgelabel>
          <edgelabel>Start</edgelabel>
        </childnode>
      </node>
      <node id="2">
        <label>Node_LB</label>
        <link refid="struct_node___l_b"/>
        <childnode refid="3" relation="usage">
          <edgelabel>book</edgelabel>
        </childnode>
        <childnode refid="2" relation="usage">
          <edgelabel>next</edgelabel>
          <edgelabel>prev</edgelabel>
        </childnode>
      </node>
    </collaborationgraph>
    <location file="D:/Descargas/EDA_II-main (2)/EDA_II-main/List_NB.h" line="6" column="1" bodyfile="D:/Descargas/EDA_II-main (2)/EDA_II-main/List_NB.h" bodystart="6" bodyend="12"/>
    <listofallmembers>
      <member refid="struct_list___n_b_1a028fefcacd53fadd3edde5fd8596ad28" prot="public" virt="non-virtual"><scope>List_NB</scope><name>Finish</name></member>
      <member refid="struct_list___n_b_1afed088663f8704004425cdae2120b9b3" prot="public" virt="non-virtual"><scope>List_NB</scope><name>len</name></member>
      <member refid="struct_list___n_b_1af40d35eb8e194f27009a9909ab357d00" prot="public" virt="non-virtual"><scope>List_NB</scope><name>Start</name></member>
    </listofallmembers>
  </compounddef>
</doxygen>
