<?xml version='1.0' encoding='UTF-8' standalone='no'?>
<doxygen xmlns:xsi="http://www.w3.org/2001/XMLSchema-instance" xsi:noNamespaceSchemaLocation="compound.xsd" version="1.9.6" xml:lang="es">
  <compounddef id="struct_book" kind="struct" language="C++" prot="public">
    <compoundname>Book</compoundname>
    <includes refid="_book_8h" local="no">Book.h</includes>
      <sectiondef kind="public-attrib">
      <memberdef kind="variable" id="struct_book_1a5e6182c030324511dd82e9fa1a0ab071" prot="public" static="no" mutable="no">
        <type>char *</type>
        <definition>char* Name</definition>
        <argsstring></argsstring>
        <name>Name</name>
        <qualifiedname>Book::Name</qualifiedname>
        <briefdescription>
        </briefdescription>
        <detaileddescription>
        </detaileddescription>
        <inbodydescription>
        </inbodydescription>
        <location file="D:/Descargas/EDA_II-main (2)/EDA_II-main/Book.h" line="6" column="10" bodyfile="D:/Descargas/EDA_II-main (2)/EDA_II-main/Book.h" bodystart="6" bodyend="-1"/>
      </memberdef>
      <memberdef kind="variable" id="struct_book_1a666df14acddd22585b7ca23d20258987" prot="public" static="no" mutable="no">
        <type>char *</type>
        <definition>char* Category</definition>
        <argsstring></argsstring>
        <name>Category</name>
        <qualifiedname>Book::Category</qualifiedname>
        <briefdescription>
        </briefdescription>
        <detaileddescription>
        </detaileddescription>
        <inbodydescription>
        </inbodydescription>
        <location file="D:/Descargas/EDA_II-main (2)/EDA_II-main/Book.h" line="7" column="10" bodyfile="D:/Descargas/EDA_II-main (2)/EDA_II-main/Book.h" bodystart="7" bodyend="-1"/>
      </memberdef>
      <memberdef kind="variable" id="struct_book_1a6da5e01471d2fc3e8a2e2104ed57cabc" prot="public" static="no" mutable="no">
        <type>char *</type>
        <definition>char* F_name</definition>
        <argsstring></argsstring>
        <name>F_name</name>
        <qualifiedname>Book::F_name</qualifiedname>
        <briefdescription>
        </briefdescription>
        <detaileddescription>
        </detaileddescription>
        <inbodydescription>
        </inbodydescription>
        <location file="D:/Descargas/EDA_II-main (2)/EDA_II-main/Book.h" line="8" column="10" bodyfile="D:/Descargas/EDA_II-main (2)/EDA_II-main/Book.h" bodystart="8" bodyend="-1"/>
      </memberdef>
      <memberdef kind="variable" id="struct_book_1a1de8f37caa7fd5e125c58830179d8d76" prot="public" static="no" mutable="no">
        <type>char *</type>
        <definition>char* L_name</definition>
        <argsstring></argsstring>
        <name>L_name</name>
        <qualifiedname>Book::L_name</qualifiedname>
        <briefdescription>
        </briefdescription>
        <detaileddescription>
        </detaileddescription>
        <inbodydescription>
        </inbodydescription>
        <location file="D:/Descargas/EDA_II-main (2)/EDA_II-main/Book.h" line="9" column="10" bodyfile="D:/Descargas/EDA_II-main (2)/EDA_II-main/Book.h" bodystart="9" bodyend="-1"/>
      </memberdef>
      <memberdef kind="variable" id="struct_book_1a9f6b1d8f565c649873cd57896391b2aa" prot="public" static="no" mutable="no">
        <type>int</type>
        <definition>int stock</definition>
        <argsstring></argsstring>
        <name>stock</name>
        <qualifiedname>Book::stock</qualifiedname>
        <briefdescription>
        </briefdescription>
        <detaileddescription>
        </detaileddescription>
        <inbodydescription>
        </inbodydescription>
        <location file="D:/Descargas/EDA_II-main (2)/EDA_II-main/Book.h" line="10" column="9" bodyfile="D:/Descargas/EDA_II-main (2)/EDA_II-main/Book.h" bodystart="10" bodyend="-1"/>
      </memberdef>
      </sectiondef>
    <briefdescription>
    </briefdescription>
    <detaileddescription>
    </detaileddescription>
    <location file="D:/Descargas/EDA_II-main (2)/EDA_II-main/Book.h" line="4" column="1" bodyfile="D:/Descargas/EDA_II-main (2)/EDA_II-main/Book.h" bodystart="4" bodyend="12"/>
    <listofallmembers>
      <member refid="struct_book_1a666df14acddd22585b7ca23d20258987" prot="public" virt="non-virtual"><scope>Book</scope><name>Category</name></member>
      <member refid="struct_book_1a6da5e01471d2fc3e8a2e2104ed57cabc" prot="public" virt="non-virtual"><scope>Book</scope><name>F_name</name></member>
      <member refid="struct_book_1a1de8f37caa7fd5e125c58830179d8d76" prot="public" virt="non-virtual"><scope>Book</scope><name>L_name</name></member>
      <member refid="struct_book_1a5e6182c030324511dd82e9fa1a0ab071" prot="public" virt="non-virtual"><scope>Book</scope><name>Name</name></member>
      <member refid="struct_book_1a9f6b1d8f565c649873cd57896391b2aa" prot="public" virt="non-virtual"><scope>Book</scope><name>stock</name></member>
    </listofallmembers>
  </compounddef>
</doxygen>
