<?xml version='1.0' encoding='UTF-8' standalone='no'?>
<doxygen xmlns:xsi="http://www.w3.org/2001/XMLSchema-instance" xsi:noNamespaceSchemaLocation="compound.xsd" version="1.9.6" xml:lang="es">
  <compounddef id="struct_ele__list" kind="struct" language="C++" prot="public">
    <compoundname>Ele_list</compoundname>
    <includes refid="_ele___list_8h" local="no">Ele_List.h</includes>
      <sectiondef kind="public-attrib">
      <memberdef kind="variable" id="struct_ele__list_1a35af0be900467fedbb610bd6ea65ed78" prot="public" static="no" mutable="no">
        <type>int</type>
        <definition>int key</definition>
        <argsstring></argsstring>
        <name>key</name>
        <qualifiedname>Ele_list::key</qualifiedname>
        <briefdescription>
        </briefdescription>
        <detaileddescription>
        </detaileddescription>
        <inbodydescription>
        </inbodydescription>
        <location file="D:/Descargas/EDA_II-main (2)/EDA_II-main/Ele_List.h" line="7" column="9" bodyfile="D:/Descargas/EDA_II-main (2)/EDA_II-main/Ele_List.h" bodystart="7" bodyend="-1"/>
      </memberdef>
      <memberdef kind="variable" id="struct_ele__list_1a4e9aec275e566b978a3ccb4e043d8c61" prot="public" static="no" mutable="no">
        <type>char *</type>
        <definition>char* value</definition>
        <argsstring></argsstring>
        <name>value</name>
        <qualifiedname>Ele_list::value</qualifiedname>
        <briefdescription>
        </briefdescription>
        <detaileddescription>
        </detaileddescription>
        <inbodydescription>
        </inbodydescription>
        <location file="D:/Descargas/EDA_II-main (2)/EDA_II-main/Ele_List.h" line="8" column="10" bodyfile="D:/Descargas/EDA_II-main (2)/EDA_II-main/Ele_List.h" bodystart="8" bodyend="-1"/>
      </memberdef>
      <memberdef kind="variable" id="struct_ele__list_1a97ce12a175fe519d96f8add569c3eaee" prot="public" static="no" mutable="no">
        <type><ref refid="_list___n_b_8h_1aa0838f7fb2a8bb272faf71ac340ec705" kindref="member">ListNB</ref> *</type>
        <definition>ListNB* listNB</definition>
        <argsstring></argsstring>
        <name>listNB</name>
        <qualifiedname>Ele_list::listNB</qualifiedname>
        <briefdescription>
        </briefdescription>
        <detaileddescription>
        </detaileddescription>
        <inbodydescription>
        </inbodydescription>
        <location file="D:/Descargas/EDA_II-main (2)/EDA_II-main/Ele_List.h" line="9" column="12" bodyfile="D:/Descargas/EDA_II-main (2)/EDA_II-main/Ele_List.h" bodystart="9" bodyend="-1"/>
      </memberdef>
      </sectiondef>
    <briefdescription>
    </briefdescription>
    <detaileddescription>
    </detaileddescription>
    <collaborationgraph>
      <node id="4">
        <label>Book</label>
        <link refid="struct_book"/>
      </node>
      <node id="1">
        <label>Ele_list</label>
        <link refid="struct_ele__list"/>
        <childnode refid="2" relation="usage">
          <edgelabel>listNB</edgelabel>
        </childnode>
      </node>
      <node id="2">
        <label>List_NB</label>
        <link refid="struct_list___n_b"/>
        <childnode refid="3" relation="usage">
          <edgelabel>Finish</edgelabel>
          <edgelabel>Start</edgelabel>
        </childnode>
      </node>
      <node id="3">
        <label>Node_LB</label>
        <link refid="struct_node___l_b"/>
        <childnode refid="4" relation="usage">
          <edgelabel>book</edgelabel>
        </childnode>
        <childnode refid="3" relation="usage">
          <edgelabel>next</edgelabel>
          <edgelabel>prev</edgelabel>
        </childnode>
      </node>
    </collaborationgraph>
    <location file="D:/Descargas/EDA_II-main (2)/EDA_II-main/Ele_List.h" line="5" column="1" bodyfile="D:/Descargas/EDA_II-main (2)/EDA_II-main/Ele_List.h" bodystart="5" bodyend="11"/>
    <listofallmembers>
      <member refid="struct_ele__list_1a35af0be900467fedbb610bd6ea65ed78" prot="public" virt="non-virtual"><scope>Ele_list</scope><name>key</name></member>
      <member refid="struct_ele__list_1a97ce12a175fe519d96f8add569c3eaee" prot="public" virt="non-virtual"><scope>Ele_list</scope><name>listNB</name></member>
      <member refid="struct_ele__list_1a4e9aec275e566b978a3ccb4e043d8c61" prot="public" virt="non-virtual"><scope>Ele_list</scope><name>value</name></member>
    </listofallmembers>
  </compounddef>
</doxygen>
