<?xml version='1.0' encoding='UTF-8' standalone='no'?>
<doxygen xmlns:xsi="http://www.w3.org/2001/XMLSchema-instance" xsi:noNamespaceSchemaLocation="compound.xsd" version="1.9.6" xml:lang="es">
  <compounddef id="struct_hash___table" kind="struct" language="C++" prot="public">
    <compoundname>Hash_Table</compoundname>
    <includes refid="_hash_8h" local="no">Hash.h</includes>
      <sectiondef kind="public-attrib">
      <memberdef kind="variable" id="struct_hash___table_1ab31a435b03aee340b9ee395c99a6ed0c" prot="public" static="no" mutable="no">
        <type><ref refid="struct_ele__list" kindref="compound">Ele_list</ref> **</type>
        <definition>Ele_list** elements</definition>
        <argsstring></argsstring>
        <name>elements</name>
        <qualifiedname>Hash_Table::elements</qualifiedname>
        <briefdescription>
        </briefdescription>
        <detaileddescription>
        </detaileddescription>
        <inbodydescription>
        </inbodydescription>
        <location file="D:/Descargas/EDA_II-main (2)/EDA_II-main/Hash.h" line="10" column="14" bodyfile="D:/Descargas/EDA_II-main (2)/EDA_II-main/Hash.h" bodystart="10" bodyend="-1"/>
      </memberdef>
      <memberdef kind="variable" id="struct_hash___table_1aae1b350eae86e23f7e3dfecc5edfd8e7" prot="public" static="no" mutable="no">
        <type>int</type>
        <definition>int Max_size</definition>
        <argsstring></argsstring>
        <name>Max_size</name>
        <qualifiedname>Hash_Table::Max_size</qualifiedname>
        <briefdescription>
        </briefdescription>
        <detaileddescription>
        </detaileddescription>
        <inbodydescription>
        </inbodydescription>
        <location file="D:/Descargas/EDA_II-main (2)/EDA_II-main/Hash.h" line="11" column="9" bodyfile="D:/Descargas/EDA_II-main (2)/EDA_II-main/Hash.h" bodystart="11" bodyend="-1"/>
      </memberdef>
      <memberdef kind="variable" id="struct_hash___table_1afed088663f8704004425cdae2120b9b3" prot="public" static="no" mutable="no">
        <type>int</type>
        <definition>int len</definition>
        <argsstring></argsstring>
        <name>len</name>
        <qualifiedname>Hash_Table::len</qualifiedname>
        <briefdescription>
        </briefdescription>
        <detaileddescription>
        </detaileddescription>
        <inbodydescription>
        </inbodydescription>
        <location file="D:/Descargas/EDA_II-main (2)/EDA_II-main/Hash.h" line="12" column="9" bodyfile="D:/Descargas/EDA_II-main (2)/EDA_II-main/Hash.h" bodystart="12" bodyend="-1"/>
      </memberdef>
      </sectiondef>
    <briefdescription>
    </briefdescription>
    <detaileddescription>
    </detaileddescription>
    <collaborationgraph>
      <node id="5">
        <label>Book</label>
        <link refid="struct_book"/>
      </node>
      <node id="2">
        <label>Ele_list</label>
        <link refid="struct_ele__list"/>
        <childnode refid="3" relation="usage">
          <edgelabel>listNB</edgelabel>
        </childnode>
      </node>
      <node id="1">
        <label>Hash_Table</label>
        <link refid="struct_hash___table"/>
        <childnode refid="2" relation="usage">
          <edgelabel>elements</edgelabel>
        </childnode>
      </node>
      <node id="3">
        <label>List_NB</label>
        <link refid="struct_list___n_b"/>
        <childnode refid="4" relation="usage">
          <edgelabel>Finish</edgelabel>
          <edgelabel>Start</edgelabel>
        </childnode>
      </node>
      <node id="4">
        <label>Node_LB</label>
        <link refid="struct_node___l_b"/>
        <childnode refid="5" relation="usage">
          <edgelabel>book</edgelabel>
        </childnode>
        <childnode refid="4" relation="usage">
          <edgelabel>next</edgelabel>
          <edgelabel>prev</edgelabel>
        </childnode>
      </node>
    </collaborationgraph>
    <location file="D:/Descargas/EDA_II-main (2)/EDA_II-main/Hash.h" line="9" column="1" bodyfile="D:/Descargas/EDA_II-main (2)/EDA_II-main/Hash.h" bodystart="9" bodyend="13"/>
    <listofallmembers>
      <member refid="struct_hash___table_1ab31a435b03aee340b9ee395c99a6ed0c" prot="public" virt="non-virtual"><scope>Hash_Table</scope><name>elements</name></member>
      <member refid="struct_hash___table_1afed088663f8704004425cdae2120b9b3" prot="public" virt="non-virtual"><scope>Hash_Table</scope><name>len</name></member>
      <member refid="struct_hash___table_1aae1b350eae86e23f7e3dfecc5edfd8e7" prot="public" virt="non-virtual"><scope>Hash_Table</scope><name>Max_size</name></member>
    </listofallmembers>
  </compounddef>
</doxygen>
